actor1,actor2,peso_proyeccion_colaborativa,homofilia_sector,homofilia_tipos,homofilia_organizacion,homofilia_forma_org,homofilia_alcance,homofilia_alcance_estatal,homofilia_RFOSC
AA,#YoSoy132-Qro,1,No,No,No,No,No,No,Sí
AARC,CAP,0.5,Sí,Sí,No,Sí,No,No,No
AARC,FDPAS,0.5,Sí,Sí,No,Sí,Sí,Sí,Sí
ABB,CNTE-18,0.4,No,No,No,No,No,No,No
ABB,FCSxM,0.4,No,No,No,No,No,No,No
ABB,SITCBEM,0.4,No,No,No,No,No,No,No
ABB,STASPE,0.4,No,No,Sí,No,No,No,No
ABB,SUEUM,0.4,No,No,Sí,No,No,No,No
ABC,MovidasxEncontrarlas,0.3333333333,No,No,Sí,Sí,Sí,Sí,Sí
ABC,OCNF,0.3333333333,No,No,No,Sí,No,No,Sí
ABC,SolidaridadxFam,0.3333333333,No,No,Sí,Sí,Sí,Sí,Sí
ACUDDEH,CCC,0.125,No,No,No,No,No,No,No
ACUDDEH,CCCD-Pue,0.125,No,No,Sí,No,Sí,No,No
ACUDDEH,CCTI,0.125,No,No,No,Sí,Sí,Sí,No
ACUDDEH,CDDH_Fr_JuanLarios,0.125,Sí,Sí,Sí,Sí,Sí,No,Sí
ACUDDEH,CMDPDH,0.125,Sí,Sí,Sí,Sí,No,No,No
ACUDDEH,CmteCerezo,0.325,Sí,Sí,Sí,Sí,Sí,Sí,Sí
ACUDDEH,CSDH_MnsrRomero,0.2,No,Sí,No,Sí,Sí,Sí,No
ACUDDEH,Frayba,0.125,Sí,Sí,Sí,Sí,Sí,No,Sí
ACUDDEH,¡HastaEncontrarlos!,0.325,No,No,Sí,Sí,Sí,Sí,Sí
ACUDDEH,MULT,0.2,No,No,Sí,No,Sí,No,Sí
ACUDDEH,REDDH,0.2,No,No,Sí,Sí,Sí,No,Sí
ACVictorianoPol,AP,0.2,No,No,Sí,No,No,No,Sí
ACVictorianoPol,ClubRotario,0.2,Sí,Sí,Sí,Sí,Sí,Sí,Sí
ACVictorianoPol,CROC,0.2,No,No,No,No,No,No,Sí
ACVictorianoPol,MujeresEnAcción,0.2,No,No,Sí,Sí,Sí,Sí,Sí
ACVictorianoPol,VoluntariosxLapaz,0.2,No,No,Sí,Sí,Sí,Sí,Sí
AEMAC,CILAS,0.2,No,No,Sí,No,Sí,Sí,No
AEMAC,JudíosPalestina,0.2,No,No,Sí,No,No,No,No
AEMAC,MMSP,0.2,No,No,No,No,Sí,Sí,No
AEMAC,SME,0.2,No,No,No,No,No,No,No
AEMAC,UNTyPP,0.2,No,No,No,No,No,No,No
AHMLFMYMY,ColectivoLabris,0.1111111111,Sí,Sí,Sí,No,Sí,Sí,Sí
AHMLFMYMY,FeministasCom,0.1111111111,No,No,Sí,No,No,No,Sí
AHMLFMYMY,HelechoVerde,0.1111111111,No,No,Sí,No,Sí,Sí,Sí
AHMLFMYMY,LunasLesbianas,0.1111111111,Sí,Sí,Sí,No,Sí,No,Sí
AHMLFMYMY,NHRC,0.1111111111,No,No,Sí,No,Sí,No,Sí
AHMLFMYMY,OCNF,0.1111111111,No,Sí,No,No,No,No,Sí
AHMLFMYMY,Rednes,0.1111111111,No,No,Sí,No,Sí,Sí,Sí
AHMLFMYMY,RosasRojas,0.1111111111,No,No,Sí,No,Sí,Sí,Sí
AHMLFMYMY,TierraLesbik,0.1111111111,Sí,Sí,Sí,No,Sí,Sí,Sí
AI,Centro Prodh,0.6666666667,No,Sí,No,No,No,No,Sí
AI,CNTE,0.3333333333,No,No,Sí,No,No,No,Sí
AI,HIJOS-Mex,0.3333333333,No,No,No,No,Sí,Sí,Sí
AI,MPJD,0.3333333333,No,No,No,No,No,No,Sí
AI,OCNF,0.3333333333,No,Sí,No,No,No,No,Sí
AI,REDIM,0.3333333333,No,Sí,No,No,No,No,Sí
AI,Red_TDT,0.3333333333,No,Sí,No,No,No,No,Sí
AI,SERAPAZ,0.3333333333,No,Sí,Sí,No,No,No,No
AJTEAM,Barzón,3.5,No,No,No,No,No,No,No
AJTEAM,SNTTTASS,0.5,No,No,No,Sí,Sí,Sí,Sí
ALCANO,CAM,0.25,Sí,Sí,No,Sí,Sí,Sí,Sí
ALCANO,CAP,0.25,Sí,Sí,No,Sí,Sí,Sí,Sí
ALCANO,CIOAC,0.25,Sí,Sí,Sí,Sí,Sí,Sí,Sí
ALCANO,CODUC,0.25,Sí,Sí,No,Sí,Sí,Sí,Sí
ALCANO,FAC,0.25,Sí,Sí,No,Sí,Sí,Sí,No
ALCANO,FIOAC,0.25,Sí,Sí,No,Sí,No,No,No
ALCANO,UGOCM-JL,0.25,Sí,Sí,Sí,Sí,Sí,Sí,No
ALCANO,UNTA,0.25,Sí,Sí,Sí,Sí,Sí,Sí,Sí
Alconsumidor,Barzón,0.3333333333,No,No,No,No,No,No,Sí
Alconsumidor,COMDA,0.3333333333,No,No,No,No,No,No,No
Alconsumidor,EPC,0.3333333333,Sí,Sí,Sí,Sí,Sí,Sí,Sí
AMDJ,CNTE,1,Sí,Sí,No,Sí,No,No,Sí
AMOTAC,CCC,0.4,No,No,No,Sí,Sí,Sí,No
AMOTAC,CmteAgroGto,0.4,No,No,Sí,Sí,No,No,Sí
AMOTAC,UCD,0.4,No,No,Sí,Sí,Sí,Sí,No
AMOTAC,UFIC,0.4,No,No,Sí,Sí,Sí,Sí,Sí
AMOTAC,UNORCA,0.4,No,No,No,Sí,Sí,Sí,No
AMUCSS,CAP,0.1428571429,No,No,Sí,Sí,No,No,Sí
AMUCSS,CCC,0.1428571429,No,No,Sí,Sí,No,No,Sí
AMUCSS,CNOC,0.25,No,No,Sí,Sí,No,No,Sí
AMUCSS,CNPA-MLN,0.1428571429,No,No,Sí,Sí,No,No,Sí
AMUCSS,COCYP,0.1428571429,No,No,Sí,Sí,No,No,Sí
AMUCSS,CONOC,0.25,No,No,Sí,Sí,No,No,Sí
AMUCSS,FDC,0.25,No,No,No,Sí,Sí,No,Sí
AMUCSS,FICAM,0.1428571429,No,No,Sí,No,No,No,No
AMUCSS,FPFV,0.1428571429,No,No,Sí,No,No,No,Sí
AMUCSS,MAIZ,0.25,No,No,Sí,Sí,No,No,Sí
AMUCSS,UCEN,0.1428571429,No,No,No,Sí,No,No,No
ANAD,ATM,0.1111111111,No,No,Sí,No,Sí,Sí,Sí
ANAD,CEND-SNTE,0.1111111111,No,No,No,No,Sí,Sí,Sí
ANAD,CNPA-MLN,0.5,No,No,No,No,Sí,Sí,No
ANAD,FICAM,0.5,No,No,No,No,Sí,Sí,Sí
ANAD,FSM,0.1111111111,No,No,No,No,Sí,Sí,Sí
ANAD,NHRC,0.5,No,No,Sí,Sí,No,No,Sí
ANAD,Pan&Rosas,0.5,No,No,Sí,Sí,No,No,Sí
ANAD,SITUAM,0.1111111111,No,No,Sí,No,No,No,Sí
ANAD,SNTCPFISC,0.1111111111,No,No,No,No,Sí,Sí,Sí
ANAD,SNTSS,0.1111111111,No,No,No,No,Sí,Sí,Sí
ANAD,STRM,0.1111111111,No,No,No,No,Sí,Sí,Sí
ANAD,SUTIEMS,0.1111111111,No,No,Sí,No,No,No,Sí
ANAD,UJM,0.1111111111,Sí,Sí,Sí,Sí,No,No,Sí
ANDAR,CDD,0.3333333333,No,No,No,No,No,No,No
ANDAR,DDESER,0.3333333333,No,Sí,No,Sí,Sí,Sí,Sí
ANDAR,RL,0.3333333333,No,No,Sí,Sí,Sí,Sí,Sí
Anonymous,#YoSoy132-CDMX,0.5,No,No,Sí,No,No,No,Sí
Anonymous,#Yosoyred,0.5,Sí,Sí,No,No,No,No,Sí
ANP,CETEG,3.8333333333,No,No,No,No,No,No,Sí
ANP,CNTE-14,2.5,No,No,No,No,No,No,Sí
ANP,FECSM,0.3333333333,No,No,No,No,Sí,Sí,Sí
ANP,MPG,1.3333333333,No,No,Sí,Sí,No,No,Sí
ANUEE,ATM,0.2678571429,No,No,No,No,Sí,Sí,Sí
ANUEE,CNTE,0.125,No,No,No,No,Sí,Sí,Sí
ANUEE,CNTE-18,0.1428571429,No,No,No,No,No,No,Sí
ANUEE,CNTE-9,0.1428571429,No,No,No,No,No,No,Sí
ANUEE,CUTM,0.1428571429,No,No,No,No,Sí,Sí,Sí
ANUEE,FPFVI,0.5,No,No,Sí,Sí,No,No,Sí
ANUEE,MovMujeresIzq,0.125,No,No,No,No,Sí,Sí,Sí
ANUEE,MUP,0.2678571429,No,No,Sí,Sí,No,No,Sí
ANUEE,NCT,0.1428571429,No,No,Sí,No,Sí,Sí,Sí
ANUEE,ResistenciaCivilEE,0.5,Sí,Sí,Sí,No,Sí,Sí,Sí
ANUEE,RRAA,0.5,No,No,Sí,No,Sí,Sí,Sí
ANUEE,SME,0.7678571429,No,No,No,No,Sí,Sí,Sí
ANUEE,STUACH,0.125,No,No,No,No,No,No,Sí
ANUEE,STUNAM,0.125,No,No,No,No,No,No,Sí
ANUEE,SUTIN,0.125,No,No,No,No,No,No,Sí
AP,ClubRotario,0.2,No,No,Sí,No,No,No,Sí
AP,CROC,0.2,No,No,No,No,Sí,Sí,Sí
AP,MujeresEnAcción,0.2,No,No,Sí,No,No,No,Sí
AP,VoluntariosxLapaz,0.2,No,No,Sí,No,No,No,Sí
APIITDTT,CNTE-22,0.5,No,No,No,No,No,No,Sí
APIITDTT,MULT,1,Sí,Sí,No,Sí,No,No,Sí
APIITDTT,UCIZONI,1.5,Sí,Sí,No,Sí,Sí,Sí,No
APPG,UCEZ,1,No,No,No,No,Sí,Sí,Sí
ASPA,ASSA,0.8958333333,Sí,Sí,Sí,Sí,Sí,Sí,Sí
ASPA,ATM,0.0625,No,No,No,Sí,Sí,Sí,Sí
ASPA,CMT,0.1428571429,No,No,No,Sí,Sí,Sí,Sí
ASPA,CNTE,0.0714285714,No,No,Sí,Sí,Sí,Sí,Sí
ASPA,CNTE-18,0.0625,No,No,Sí,Sí,No,No,Sí
ASPA,CNTE-22,0.0625,No,No,Sí,Sí,No,No,Sí
ASPA,COCEM,0.0714285714,No,No,No,Sí,Sí,Sí,Sí
ASPA,COR,0.0714285714,No,No,No,Sí,Sí,Sí,Sí
ASPA,CROM,0.2714285714,No,No,No,Sí,Sí,Sí,Sí
ASPA,CT,0.0714285714,No,No,No,Sí,Sí,Sí,Sí
ASPA,FASU,0.3928571429,No,No,No,Sí,Sí,Sí,Sí
ASPA,FDAN,0.3333333333,Sí,Sí,No,Sí,Sí,Sí,Sí
ASPA,FSM,0.1339285714,No,No,No,Sí,Sí,Sí,Sí
ASPA,SDITSTC,0.2053571429,No,No,No,Sí,No,No,Sí
ASPA,SHCBDF,0.0714285714,No,No,No,Sí,No,No,Sí
ASPA,SME,0.5839285714,No,No,Sí,Sí,Sí,Sí,Sí
ASPA,SNTI,0.0714285714,No,No,No,Sí,No,No,Sí
ASPA,SNTINBAL,0.0714285714,No,No,No,Sí,No,No,Sí
ASPA,SNTMMSSRM,0.0625,No,Sí,Sí,Sí,Sí,Sí,Sí
ASPA,SNTSLATSSC_Indep,0.3333333333,Sí,Sí,Sí,Sí,Sí,Sí,Sí
ASPA,SNTSTC,0.0714285714,No,No,No,Sí,No,No,Sí
ASPA,SNTTTASS,0.25,No,Sí,Sí,Sí,No,No,Sí
ASPA,Stacobach,0.1428571429,No,No,Sí,Sí,Sí,Sí,Sí
ASPA,STRM,0.4767857143,Sí,Sí,Sí,Sí,Sí,Sí,Sí
ASPA,STUNAM,0.9767857143,No,No,No,Sí,No,No,Sí
ASPA,SUTCOBACH-Gro,0.0625,No,No,Sí,Sí,No,No,Sí
ASPA,SUTCONALEP,0.0625,No,No,Sí,Sí,Sí,Sí,Sí
ASPA,SUTIN,0.0625,No,No,No,Sí,No,No,Sí
ASPA,UniónPobTierra&Lib,0.0625,No,No,No,No,No,No,Sí
ASPA,UNT,0.5267857143,No,No,No,Sí,Sí,Sí,Sí
ASPA,UPREZ,0.0625,No,No,Sí,No,Sí,Sí,Sí
ASPA,#YoSoy132-CDMX,0.2,No,No,Sí,No,No,No,Sí
ASSA,ATM,0.0625,No,No,No,Sí,Sí,Sí,Sí
ASSA,CNTE-18,0.0625,No,No,Sí,Sí,No,No,Sí
ASSA,CNTE-22,0.0625,No,No,Sí,Sí,No,No,Sí
ASSA,FASU,0.25,No,No,No,Sí,Sí,Sí,Sí
ASSA,FDAN,0.3333333333,Sí,Sí,No,Sí,Sí,Sí,Sí
ASSA,FSM,0.0625,No,No,No,Sí,Sí,Sí,Sí
ASSA,SDITSTC,0.0625,No,No,No,Sí,No,No,Sí
ASSA,SME,0.3125,No,No,Sí,Sí,Sí,Sí,Sí
ASSA,SNTMMSSRM,0.0625,No,Sí,Sí,Sí,Sí,Sí,Sí
ASSA,SNTSLATSSC_Indep,0.3333333333,Sí,Sí,Sí,Sí,Sí,Sí,Sí
ASSA,SNTTTASS,0.25,No,Sí,Sí,Sí,No,No,Sí
ASSA,STRM,0.0625,Sí,Sí,Sí,Sí,Sí,Sí,Sí
ASSA,STUNAM,0.5625,No,No,No,Sí,No,No,Sí
ASSA,SUTCOBACH-Gro,0.0625,No,No,Sí,Sí,No,No,Sí
ASSA,SUTCONALEP,0.0625,No,No,Sí,Sí,Sí,Sí,Sí
ASSA,SUTIN,0.0625,No,No,No,Sí,No,No,Sí
ASSA,UniónPobTierra&Lib,0.0625,No,No,No,No,No,No,Sí
ASSA,UNT,0.3125,No,No,No,Sí,Sí,Sí,Sí
ASSA,UPREZ,0.0625,No,No,Sí,No,Sí,Sí,Sí
ATEM,CNTE-18,0.3333333333,No,No,No,Sí,Sí,Sí,Sí
ATEM,NPZ,0.3333333333,No,No,No,No,Sí,Sí,Sí
ATEM,SME,0.3333333333,No,No,No,Sí,No,No,Sí
ATM,CEND-SNTE,0.1111111111,No,No,No,Sí,Sí,Sí,Sí
ATM,CNTE,0.9583333333,No,No,No,Sí,Sí,Sí,Sí
ATM,CNTE-18,0.2053571429,No,No,No,Sí,No,No,Sí
ATM,CNTE-22,0.3958333333,No,No,No,Sí,No,No,Sí
ATM,CNTE-9,0.1428571429,No,No,No,Sí,No,No,Sí
ATM,CUTM,0.1428571429,No,No,No,Sí,Sí,Sí,Sí
ATM,FSM,0.1736111111,No,No,No,Sí,Sí,Sí,Sí
ATM,MovMujeresIzq,0.125,No,No,Sí,No,Sí,Sí,Sí
ATM,MUP,0.2678571429,No,No,No,No,No,No,Sí
ATM,NCT,0.1428571429,No,No,No,Sí,Sí,Sí,Sí
ATM,SDITSTC,0.0625,No,No,Sí,Sí,No,No,Sí
ATM,SITUAM,0.1111111111,No,No,Sí,Sí,No,No,Sí
ATM,SME,1.4970238095,No,No,No,Sí,Sí,Sí,Sí
ATM,SNTCPFISC,0.1111111111,No,No,No,Sí,Sí,Sí,Sí
ATM,SNTMMSSRM,0.0625,No,No,No,Sí,Sí,Sí,Sí
ATM,SNTSS,0.1111111111,No,No,No,Sí,Sí,Sí,Sí
ATM,STRM,0.1736111111,No,No,No,Sí,Sí,Sí,Sí
ATM,STUACH,0.125,No,No,Sí,Sí,No,No,Sí
ATM,STUNAM,0.1875,No,No,Sí,Sí,No,No,Sí
ATM,SUTCOBACH-Gro,0.0625,No,No,No,Sí,No,No,Sí
ATM,SUTCONALEP,0.0625,No,No,No,Sí,Sí,Sí,Sí
ATM,SUTIEMS,0.4444444444,No,No,Sí,Sí,No,No,Sí
ATM,SUTIN,0.1875,No,No,Sí,Sí,No,No,Sí
ATM,UJM,0.1111111111,No,No,Sí,No,No,No,Sí
ATM,UniónPobTierra&Lib,0.0625,No,No,Sí,No,No,No,Sí
ATM,UNT,0.0625,No,No,No,Sí,Sí,Sí,Sí
ATM,UPREZ,0.0625,No,No,No,No,Sí,Sí,Sí
ATM,UPRN,0.3333333333,No,No,No,Sí,Sí,Sí,Sí
ATSEP,SME,1,Sí,Sí,No,Sí,No,No,Sí
Barzón,CCC,0.2,No,No,Sí,No,Sí,Sí,Sí
Barzón,CIOAC,0.5666666667,No,No,No,No,Sí,Sí,Sí
Barzón,CNCU,0.2,No,No,No,No,Sí,Sí,Sí
Barzón,CNPA-MLN,2.8666666667,No,No,Sí,No,Sí,Sí,Sí
Barzón,CNTE-34,0.2,No,No,No,No,No,No,No
Barzón,CODUC,0.3666666667,No,No,Sí,No,Sí,Sí,Sí
Barzón,COMDA,0.3333333333,No,No,Sí,Sí,Sí,Sí,No
Barzón,ElCampoEsDeTodos,0.2,No,No,Sí,No,Sí,Sí,No
Barzón,EPC,0.3333333333,No,No,No,No,No,No,Sí
Barzón,FAC,0.3666666667,No,No,Sí,No,Sí,Sí,No
Barzón,FDC,9.1666666667,No,No,No,No,No,No,Sí
Barzón,FICAM,1.2,No,No,Sí,No,Sí,Sí,No
Barzón,FPFV,0.2,No,No,Sí,No,Sí,Sí,Sí
Barzón,FPLZ,1.2,No,No,Sí,Sí,No,No,Sí
Barzón,MST,0.2,No,No,Sí,No,Sí,Sí,No
Barzón,OAN,1.8666666667,No,No,No,No,No,No,No
Barzón,ProductoresUnidos,1,Sí,Sí,No,No,No,No,No
Barzón,SNTE-58,0.2,No,No,No,No,No,No,No
Barzón,SNTTTASS,1.5,No,No,No,No,No,No,No
Barzón,SPAUAZ,0.2,No,No,No,No,No,No,No
Barzón,STRM,0.2,No,No,No,No,Sí,Sí,No
Barzón,UCD,8.3666666667,No,No,No,No,Sí,Sí,Sí
Barzón,UFIC,0.2,No,No,No,No,Sí,Sí,No
Barzón,UNIMOSS,1.1666666667,No,No,Sí,No,Sí,Sí,Sí
Barzón,UNTA,0.8666666667,No,No,No,No,Sí,Sí,Sí
BaseMagAgs,SNTE-1,1,No,Sí,No,Sí,Sí,Sí,Sí
BLADP,CDMP,0.4761904762,No,No,Sí,No,Sí,Sí,Sí
BLADP,FDEASER,0.1428571429,No,No,Sí,No,Sí,Sí,Sí
BLADP,MIOCUP-CNPA-MN,0.3333333333,No,No,Sí,No,Sí,Sí,Sí
BLADP,OPT,0.1428571429,No,No,No,No,No,No,Sí
BLADP,SITBUAP,0.3333333333,No,No,Sí,No,Sí,Sí,Sí
BLADP,SITIAVW,0.1428571429,No,No,Sí,No,Sí,Sí,Sí
BLADP,SME,0.1428571429,No,No,No,No,No,No,Sí
BLADP,STRM,0.1428571429,No,No,No,No,No,No,Sí
BLADP,UNT,0.1428571429,No,No,No,No,No,No,Sí
BlqUrbanoPopular,CPSCDF,1,Sí,Sí,Sí,Sí,Sí,Sí,Sí
Brigada68,CDMP,0.1666666667,No,No,Sí,No,Sí,Sí,Sí
Brigada68,CooperativasTosepan,0.1666666667,No,No,No,No,Sí,Sí,No
Brigada68,MAS,0.1666666667,No,No,Sí,No,Sí,Sí,Sí
Brigada68,MORENA,0.1666666667,No,No,No,No,No,No,Sí
Brigada68,MovLosDeAbajo-Pue,0.1666666667,No,No,Sí,No,Sí,Sí,Sí
Brigada68,STRM,0.1666666667,No,No,No,No,No,No,Sí
CAM,CAP,0.25,Sí,Sí,Sí,Sí,Sí,Sí,Sí
CAM,CIOAC,0.25,Sí,Sí,No,Sí,Sí,Sí,Sí
CAM,CODUC,0.25,Sí,Sí,Sí,Sí,Sí,Sí,Sí
CAM,FAC,0.25,Sí,Sí,Sí,Sí,Sí,Sí,No
CAM,FIOAC,0.25,Sí,Sí,No,Sí,No,No,No
CAM,UGOCM-JL,0.25,Sí,Sí,No,Sí,Sí,Sí,No
CAM,UNTA,0.25,Sí,Sí,No,Sí,Sí,Sí,Sí
CAP,CCC,0.1428571429,Sí,Sí,Sí,Sí,Sí,Sí,Sí
CAP,CIOAC,0.25,Sí,Sí,No,Sí,Sí,Sí,Sí
CAP,CNC,0.5,Sí,Sí,Sí,Sí,Sí,Sí,No
CAP,CNPA-MLN,0.4761904762,Sí,Sí,Sí,Sí,Sí,Sí,Sí
CAP,COCYP,0.1428571429,Sí,Sí,Sí,Sí,Sí,Sí,Sí
CAP,CODUC,0.25,Sí,Sí,Sí,Sí,Sí,Sí,Sí
CAP,CONSUCC,0.3333333333,Sí,Sí,No,Sí,Sí,Sí,Sí
CAP,FAC,0.25,Sí,Sí,Sí,Sí,Sí,Sí,No
CAP,FDPAS,0.5,Sí,Sí,No,Sí,No,No,No
CAP,FICAM,0.1428571429,No,No,Sí,No,Sí,Sí,No
CAP,FIOAC,0.25,Sí,Sí,No,Sí,No,No,No
CAP,FPFV,0.1428571429,No,No,Sí,No,Sí,Sí,Sí
CAP,UARS,0.5,Sí,Sí,Sí,Sí,No,No,No
CAP,UCEN,0.1428571429,Sí,Sí,No,Sí,No,No,No
CAP,UGOCM-JL,0.25,Sí,Sí,No,Sí,Sí,Sí,No
CAP,UGOCP,0.3333333333,No,No,No,Sí,Sí,Sí,Sí
CAP,UNTA,0.25,Sí,Sí,No,Sí,Sí,Sí,Sí
CAPR,FPFVI,0.3333333333,No,No,No,No,No,No,Sí
CAPR,FP RO,0.3333333333,No,No,Sí,Sí,No,No,Sí
CAPR,PPS,0.3333333333,No,No,No,No,No,No,No
CaravanaAyotzinapa,CDHTlachinollan,1,No,No,No,Sí,No,No,No
CaravanaMadreTierra,ConsejoWixarika,0.3333333333,No,No,No,No,No,No,Sí
CaravanaMadreTierra,FPDT,0.3333333333,No,Sí,No,Sí,No,No,Sí
CaravanaMadreTierra,UnSaltoVida,0.3333333333,No,No,No,Sí,No,No,Sí
CaravanaYaquis,UCIZONI,1,No,No,No,Sí,No,No,No
CausaIndígena,CHYNAC,0.125,No,No,Sí,No,Sí,Sí,No
CausaIndígena,CNPA-MLN,0.125,No,No,No,No,No,No,Sí
CausaIndígena,CooperativasTosepan,0.125,No,Sí,No,Sí,Sí,Sí,Sí
CausaIndígena,MIOCUP-CNPA-MN,0.125,Sí,Sí,Sí,Sí,Sí,Sí,No
CausaIndígena,RITA,0.125,No,Sí,Sí,Sí,No,No,No
CausaIndígena,SEDEPAC-Cuetzalan,0.125,No,No,Sí,No,Sí,No,No
CausaIndígena,Tetela,0.125,No,Sí,Sí,Sí,Sí,Sí,No
CausaIndígena,UFIC,0.125,No,No,No,No,No,No,No
CBAEMS-Gro,CETEG,0.5,Sí,Sí,No,Sí,Sí,Sí,Sí
CBAEMS-Gro,SUSPEG-14,0.5,No,No,Sí,Sí,Sí,Sí,Sí
CCC,CCCD-Pue,0.125,Sí,Sí,No,Sí,No,No,Sí
CCC,CCTI,0.125,No,No,No,No,No,No,Sí
CCC,CDDH_Fr_JuanLarios,0.125,No,No,No,No,No,No,No
CCC,CDHVitoria,0.125,No,No,No,No,No,No,Sí
CCC,CIOAC,0.125,Sí,Sí,No,Sí,Sí,Sí,Sí
CCC,CMDPDH,0.125,No,No,No,No,Sí,Sí,Sí
CCC,CmteAgroGto,0.4,Sí,Sí,No,Sí,No,No,No
CCC,CmteCerezo,0.125,No,No,No,No,No,No,No
CCC,CmteSolidaridadAyotz,0.125,No,No,No,No,Sí,Sí,No
CCC,CNCU,0.2,No,Sí,No,Sí,Sí,Sí,Sí
CCC,CNPA-MLN,2.1428571429,Sí,Sí,Sí,Sí,Sí,Sí,Sí
CCC,COCYP,0.1428571429,Sí,Sí,Sí,Sí,Sí,Sí,Sí
CCC,CONSUCC,0.25,Sí,Sí,No,Sí,Sí,Sí,Sí
CCC,ElCampoEsDeTodos,0.575,No,Sí,Sí,Sí,Sí,Sí,No
CCC,FASU,0.125,No,No,Sí,Sí,Sí,Sí,No
CCC,FICAM,0.7678571429,No,No,Sí,No,Sí,Sí,No
CCC,FPFV,0.3428571429,No,No,Sí,No,Sí,Sí,Sí
CCC,Frayba,0.125,No,No,No,No,No,No,No
CCC,¡HastaEncontrarlos!,0.125,No,No,No,No,No,No,No
CCC,RED_OSC,0.125,No,No,Sí,No,Sí,Sí,Sí
CCC,STRM,0.125,No,No,No,Sí,Sí,Sí,No
CCC,STUACH,0.125,No,No,No,Sí,No,No,No
CCC,STUNAM,0.125,No,No,No,Sí,No,No,No
CCC,UCD,0.4,Sí,Sí,No,Sí,Sí,Sí,Sí
CCC,UCEN,0.1428571429,Sí,Sí,No,Sí,No,No,No
CCC,UFIC,0.6,No,Sí,No,Sí,Sí,Sí,No
CCC,UGOCP,0.375,No,No,No,Sí,Sí,Sí,Sí
CCC,UNIMOSS,0.125,No,No,Sí,Sí,Sí,Sí,Sí
CCC,UNORCA,0.525,No,No,Sí,Sí,Sí,Sí,Sí
CCC,UNT,0.125,No,No,Sí,Sí,Sí,Sí,No
CCCD-Pue,CCTI,0.125,No,No,No,No,Sí,No,Sí
CCCD-Pue,CDDH_Fr_JuanLarios,0.125,No,No,Sí,No,Sí,No,No
CCCD-Pue,CMDPDH,0.125,No,No,Sí,No,No,No,Sí
CCCD-Pue,CmteCerezo,0.125,No,No,Sí,No,Sí,No,No
CCCD-Pue,Frayba,0.125,No,No,Sí,No,Sí,No,No
CCCD-Pue,¡HastaEncontrarlos!,0.125,No,No,Sí,No,Sí,No,No
CCTI,CDDH_Fr_JuanLarios,0.125,No,No,No,Sí,Sí,No,No
CCTI,CMDPDH,0.125,No,No,No,Sí,No,No,Sí
CCTI,CmteCerezo,0.125,No,No,No,Sí,Sí,Sí,No
CCTI,Frayba,0.125,No,No,No,Sí,Sí,No,No
CCTI,¡HastaEncontrarlos!,0.125,Sí,Sí,No,Sí,Sí,Sí,No
CDD,DDESER,0.3333333333,No,Sí,No,No,No,No,No
CDD,RL,0.3333333333,No,Sí,No,No,No,No,No
CDDH_Fr_JuanLarios,CMDPDH,0.125,Sí,Sí,Sí,Sí,No,No,No
CDDH_Fr_JuanLarios,CmteCerezo,0.125,Sí,Sí,Sí,Sí,Sí,No,Sí
CDDH_Fr_JuanLarios,Frayba,0.125,Sí,Sí,Sí,Sí,Sí,No,Sí
CDDH_Fr_JuanLarios,FUNDEM,1,No,No,No,Sí,No,No,Sí
CDDH_Fr_JuanLarios,¡HastaEncontrarlos!,0.125,No,No,Sí,Sí,Sí,No,Sí
CDHTlachinollan,CETEG,1,No,No,No,No,Sí,Sí,No
CDHTlachinollan,FECSM,1,No,No,No,No,No,No,No
CDHVitoria,CmteSolidaridadAyotz,0.125,No,No,Sí,Sí,No,No,No
CDHVitoria,CNPA-MLN,0.125,No,No,No,No,No,No,Sí
CDHVitoria,FASU,0.125,No,No,No,No,No,No,No
CDHVitoria,STRM,0.125,No,No,No,No,No,No,No
CDHVitoria,STUACH,0.125,No,No,Sí,No,Sí,No,No
CDHVitoria,STUNAM,0.125,No,No,Sí,No,Sí,Sí,No
CDHVitoria,UNT,0.125,No,No,No,No,No,No,No
CDMP,CooperativasTosepan,0.1666666667,No,No,No,No,Sí,Sí,No
CDMP,FDEASER,0.1428571429,No,No,Sí,Sí,Sí,Sí,Sí
CDMP,MAS,0.1666666667,No,No,Sí,No,Sí,Sí,Sí
CDMP,MIOCUP-CNPA-MN,0.3333333333,No,No,Sí,No,Sí,Sí,Sí
CDMP,MORENA,0.1666666667,No,No,No,No,No,No,Sí
CDMP,MovLosDeAbajo-Pue,0.1666666667,No,No,Sí,No,Sí,Sí,Sí
CDMP,OPT,0.1428571429,No,No,No,No,No,No,Sí
CDMP,SITBUAP,0.3333333333,No,Sí,Sí,Sí,Sí,Sí,Sí
CDMP,SITIAVW,0.1428571429,No,No,Sí,Sí,Sí,Sí,Sí
CDMP,SME,0.1428571429,No,No,No,Sí,No,No,Sí
CDMP,STRM,0.3095238095,No,No,No,Sí,No,No,Sí
CDMP,UNT,0.1428571429,No,No,No,Sí,No,No,Sí
CEB,OIIA,0.2,No,No,No,No,No,No,Sí
CEB,OIT,0.2,No,No,No,No,No,No,Sí
CEB,REMA,0.2,No,No,No,No,Sí,Sí,Sí
CEB,Tetela,0.2,No,No,No,No,No,No,Sí
CEB,UNITONA,0.2,No,No,No,No,No,No,Sí
CECOP,CETEG,4.0666666667,No,No,No,No,Sí,Sí,Sí
CECOP,CONACOCI,0.25,No,No,Sí,No,Sí,Sí,Sí
CECOP,FECSM,0.25,No,No,No,No,No,No,Sí
CECOP,FODEG,0.5333333333,No,No,No,Sí,Sí,Sí,Sí
CECOP,FUERSA,0.2,No,No,No,No,Sí,Sí,Sí
CECOP,FUNPEG,1.5333333333,No,No,No,No,Sí,Sí,Sí
CECOP,MPG,2.8666666667,No,No,No,Sí,Sí,Sí,Sí
CECOP,SME,0.45,No,No,No,No,No,No,Sí
CECOP,SUSPEG,0.4,No,No,No,No,Sí,Sí,Sí
CECOP,SUTCOBACH-Gro,0.45,No,No,No,No,Sí,No,Sí
CEND-SNTE,CROM,0.1,No,No,No,Sí,Sí,Sí,Sí
CEND-SNTE,FSM,0.2111111111,No,No,No,Sí,Sí,Sí,Sí
CEND-SNTE,SITUAM,0.1111111111,Sí,Sí,No,Sí,No,No,Sí
CEND-SNTE,SME,0.1,No,Sí,Sí,Sí,Sí,Sí,Sí
CEND-SNTE,SNTCPFISC,0.1111111111,No,Sí,Sí,Sí,Sí,Sí,Sí
CEND-SNTE,SNTINBAL,0.1,No,Sí,No,Sí,No,No,Sí
CEND-SNTE,SNTSS,0.1111111111,No,Sí,Sí,Sí,Sí,Sí,Sí
CEND-SNTE,SNTTTASS,0.1,No,No,Sí,Sí,No,No,Sí
CEND-SNTE,STRM,0.2111111111,No,No,Sí,Sí,Sí,Sí,Sí
CEND-SNTE,STUNAM,0.1,Sí,Sí,No,Sí,No,No,Sí
CEND-SNTE,SUTIEMS,0.1111111111,Sí,Sí,No,Sí,No,No,Sí
CEND-SNTE,UJM,0.1111111111,No,No,No,No,No,No,Sí
CEND-SNTE,UNT,0.1,No,No,No,Sí,Sí,Sí,Sí
CEND-SNTE,UNTA,0.1,No,No,Sí,Sí,Sí,Sí,No
CEND-SNTE,#YoSoy132-CDMX,0.1,No,No,Sí,No,No,No,Sí
CENEO,CNTE-22,4,No,No,Sí,No,Sí,Sí,Sí
Centro Prodh,CNTE,0.3333333333,No,No,No,No,No,No,Sí
Centro Prodh,HIJOS-Mex,0.3333333333,No,No,Sí,Sí,No,No,Sí
Centro Prodh,MPJD,0.3333333333,No,No,Sí,Sí,Sí,No,Sí
Centro Prodh,SERAPAZ,0.3333333333,No,No,No,Sí,No,No,No
CETEG,CNE,0.5,No,No,No,No,No,No,Sí
CETEG,CNTE-14,4.375,Sí,Sí,Sí,Sí,Sí,Sí,Sí
CETEG,CNTE-18,0.4583333333,Sí,Sí,Sí,Sí,Sí,No,Sí
CETEG,CNTE-22,0.4583333333,Sí,Sí,Sí,Sí,Sí,No,Sí
CETEG,CNTE-23,0.125,Sí,Sí,Sí,Sí,Sí,No,Sí
CETEG,CNTE-9,0.4583333333,Sí,Sí,Sí,Sí,Sí,No,Sí
CETEG,CONACOCI,0.25,No,No,No,No,Sí,Sí,Sí
CETEG,CoordUnivApoyoAyotz,1,No,No,No,No,Sí,Sí,Sí
CETEG,FECSM,18.0833333333,No,No,Sí,No,No,No,Sí
CETEG,FODEG,0.5333333333,No,No,No,No,Sí,Sí,Sí
CETEG,FUERSA,0.2,No,No,No,Sí,Sí,Sí,Sí
CETEG,FUNPEG,11.0333333333,No,No,Sí,No,Sí,Sí,Sí
CETEG,MPG,19.95,No,No,No,No,Sí,Sí,Sí
CETEG,RNG,1,No,No,No,No,Sí,Sí,Sí
CETEG,SME,0.45,No,No,Sí,Sí,No,No,Sí
CETEG,SNTE-13,0.125,No,Sí,Sí,Sí,Sí,No,Sí
CETEG,SNTE-15,0.125,No,Sí,Sí,Sí,Sí,No,Sí
CETEG,SNTE-31,0.125,No,Sí,Sí,Sí,Sí,No,Sí
CETEG,STAUAG,0.3333333333,No,Sí,No,Sí,Sí,Sí,Sí
CETEG,STRM,0.5,No,No,Sí,Sí,No,No,Sí
CETEG,STTAISUAG,0.5,No,Sí,No,Sí,Sí,Sí,Sí
CETEG,SUSPEG,17.4833333333,No,No,Sí,Sí,Sí,Sí,Sí
CETEG,SUSPEG-14,1.5,No,No,No,Sí,Sí,Sí,Sí
CETEG,SUSPEG-15,0.5,No,No,No,Sí,Sí,Sí,Sí
CETEG,SUSPEG-18,0.5,No,No,No,Sí,Sí,Sí,Sí
CETEG,SUTCOBACH-Gro,2.0333333333,No,Sí,Sí,Sí,Sí,No,Sí
CETEG,UPOEG,0.5,No,No,Sí,No,Sí,Sí,Sí
CETEG,#YoSoy132-Gro,0.5,No,No,Sí,No,Sí,Sí,Sí
CE-UAEH,CNTE-15,1,No,No,No,No,Sí,Sí,Sí
CHYNAC,CNPA-MLN,0.125,No,No,No,No,No,No,No
CHYNAC,CooperativasTosepan,0.125,No,No,No,No,Sí,Sí,No
CHYNAC,MIOCUP-CNPA-MN,0.125,No,No,Sí,No,Sí,Sí,Sí
CHYNAC,RITA,0.125,No,No,Sí,No,No,No,Sí
CHYNAC,SEDEPAC-Cuetzalan,0.125,No,No,Sí,No,Sí,No,Sí
CHYNAC,Tetela,0.125,No,No,Sí,No,Sí,Sí,Sí
CHYNAC,UFIC,0.125,No,No,No,No,No,No,Sí
CIDHM,FPR,0.25,No,No,No,No,No,No,Sí
CIDHM,MMB,0.25,No,No,No,No,Sí,Sí,Sí
CIDHM,PcdeM,0.25,No,No,No,No,No,No,Sí
CIDHM,SME,1.75,No,No,No,No,No,No,Sí
CIDHM,STRM,0.5,No,No,No,No,No,No,Sí
CILAS,ColectivoAzul,0.1428571429,No,No,Sí,Sí,Sí,No,Sí
CILAS,COMDA,0.1428571429,No,No,No,Sí,No,No,Sí
CILAS,CPSCDF,0.2,No,No,No,No,Sí,Sí,Sí
CILAS,FAO-MSX,0.1428571429,No,No,No,Sí,Sí,No,Sí
CILAS,FAT,0.2,No,No,No,No,No,No,Sí
CILAS,FP RO,0.2,No,No,Sí,Sí,Sí,Sí,Sí
CILAS,FteCívicoTeotihuacán,0.2,No,No,No,No,Sí,No,Sí
CILAS,Fundar,0.1428571429,Sí,Sí,Sí,Sí,Sí,Sí,No
CILAS,JudíosPalestina,0.2,No,No,Sí,Sí,No,No,Sí
CILAS,MMSP,0.2,No,No,No,Sí,Sí,Sí,Sí
CILAS,MovContraEspSilver,0.1428571429,No,No,No,Sí,Sí,No,Sí
CILAS,MovPuebMorelos,0.1428571429,No,No,Sí,Sí,Sí,No,Sí
CILAS,ProSL_Ecológico,0.1428571429,No,No,Sí,Sí,Sí,No,Sí
CILAS,SAINAH,0.2,No,No,No,No,No,No,Sí
CILAS,SME,0.2,No,No,No,No,No,No,Sí
CILAS,UNTyPP,0.2,No,No,No,No,No,No,Sí
CIOAC,CNPA-MLN,2.3416666667,Sí,Sí,No,Sí,Sí,Sí,Sí
CIOAC,CODUC,2.8833333333,Sí,Sí,No,Sí,Sí,Sí,Sí
CIOAC,ElCampoEsDeTodos,0.125,No,Sí,No,Sí,Sí,Sí,No
CIOAC,FAC,3.2166666667,Sí,Sí,No,Sí,Sí,Sí,No
CIOAC,FICAM,0.575,No,No,No,No,Sí,Sí,No
CIOAC,FIOAC,0.65,Sí,Sí,No,Sí,No,No,No
CIOAC,Fundar,0.1666666667,No,No,No,No,No,No,Sí
CIOAC,IVC,0.1666666667,Sí,Sí,No,Sí,Sí,Sí,No
CIOAC,MST,1.4,Sí,Sí,No,Sí,Sí,Sí,No
CIOAC,OAN,0.2,Sí,Sí,No,Sí,No,No,No
CIOAC,OCPIHV,0.25,Sí,Sí,No,Sí,No,No,Sí
CIOAC,RED_OSC,0.125,No,No,No,No,Sí,Sí,Sí
CIOAC,UCD,0.2,Sí,Sí,Sí,Sí,Sí,Sí,Sí
CIOAC,UGOCM-JL,0.25,Sí,Sí,Sí,Sí,Sí,Sí,No
CIOAC,UGOCP,0.125,No,No,Sí,Sí,Sí,Sí,Sí
CIOAC,UNIMOSS,0.5416666667,No,No,No,Sí,Sí,Sí,Sí
CIOAC,UNORCA,0.125,No,No,No,Sí,Sí,Sí,Sí
CIOAC,UNT,0.2,No,No,No,Sí,Sí,Sí,No
CIOAC,UNTA,3.0166666667,Sí,Sí,Sí,Sí,Sí,Sí,Sí
CIPO-RFM,ComunaOax,0.25,No,No,Sí,No,Sí,Sí,Sí
CIPO-RFM,DiálogoParlamOax,0.25,No,No,Sí,No,Sí,Sí,No
CIPO-RFM,EDUCA,0.25,No,No,Sí,No,Sí,Sí,No
CIPO-RFM,MULT,0.25,Sí,Sí,Sí,Sí,Sí,Sí,Sí
CiudadanosObs,#YoSoy132-SLP,1,No,No,No,Sí,Sí,Sí,Sí
CLE,MMM,8,No,No,Sí,Sí,Sí,Sí,No
CLEM,CROM,0.2,Sí,Sí,Sí,Sí,No,No,Sí
CLEM,SME,0.2,No,No,No,Sí,No,No,Sí
CLEM,STRM,0.2,No,No,No,Sí,No,No,Sí
CLEM,STUNAM,0.2,No,No,No,Sí,Sí,No,Sí
CLEM,UNT,0.2,No,No,Sí,Sí,No,No,Sí
ClubRotario,CROC,0.2,No,No,No,No,No,No,Sí
ClubRotario,MujeresEnAcción,0.2,No,No,Sí,Sí,Sí,Sí,Sí
ClubRotario,VoluntariosxLapaz,0.2,No,No,Sí,Sí,Sí,Sí,Sí
CMDPDH,CmteCerezo,0.125,Sí,Sí,Sí,Sí,No,No,No
CMDPDH,Frayba,0.125,Sí,Sí,Sí,Sí,No,No,No
CMDPDH,¡HastaEncontrarlos!,0.125,No,No,Sí,Sí,No,No,No
CMPM,CNPA-MLN,0.25,No,No,No,Sí,No,No,No
CMPM,CNTE-14,0.3928571429,Sí,Sí,No,Sí,Sí,No,Sí
CMPM,CNTE-18,0.3928571429,Sí,Sí,No,Sí,Sí,No,Sí
CMPM,CNTE-22,0.3928571429,Sí,Sí,No,Sí,Sí,No,Sí
CMPM,CNTE-32,0.1428571429,Sí,Sí,No,Sí,Sí,No,Sí
CMPM,CNTE-36,1.3928571429,Sí,Sí,No,Sí,Sí,Sí,Sí
CMPM,CNTE-7,0.3928571429,Sí,Sí,No,Sí,Sí,No,Sí
CMPM,CNTE-9,0.1428571429,Sí,Sí,No,Sí,Sí,No,Sí
CMPM,SEI,0.25,Sí,Sí,No,Sí,Sí,Sí,Sí
CMPM,SMSEM,0.25,No,Sí,No,Sí,Sí,Sí,Sí
CMT,FASU,0.1428571429,No,No,Sí,Sí,Sí,Sí,Sí
CMT,SDITSTC,0.1428571429,No,No,No,Sí,No,No,Sí
CMT,Stacobach,0.1428571429,No,No,No,Sí,Sí,Sí,Sí
CMT,STRM,0.1428571429,No,No,No,Sí,Sí,Sí,Sí
CMT,STUNAM,0.1428571429,No,No,No,Sí,No,No,Sí
CMT,UNT,0.1428571429,No,No,Sí,Sí,Sí,Sí,Sí
Cmte68,CNTE,0.8333333333,No,No,No,No,No,No,Sí
Cmte68,CNTE-18,0.25,No,No,No,No,Sí,No,Sí
Cmte68,CNTE-22,0.25,No,No,No,No,Sí,No,Sí
Cmte68,FPDT,0.3333333333,No,No,Sí,Sí,No,No,Sí
Cmte68,SME,0.5833333333,No,No,No,No,No,No,Sí
Cmte68,STUNAM,0.75,No,No,Sí,No,Sí,Sí,Sí
CmteAgroGto,UCD,0.4,Sí,Sí,Sí,Sí,No,No,No
CmteAgroGto,UFIC,0.4,No,Sí,Sí,Sí,No,No,Sí
CmteAgroGto,UNORCA,0.4,No,No,No,Sí,No,No,No
CmteAyotzinapa,CoMaFHiD,1,No,No,Sí,No,Sí,No,Sí
CmteCerezo,CNPA-MLN,0.25,No,No,No,No,No,No,No
CmteCerezo,CSDH_MnsrRomero,0.2,No,Sí,No,Sí,Sí,Sí,No
CmteCerezo,EslabonesPorLaPaz,0.25,No,No,Sí,Sí,Sí,Sí,Sí
CmteCerezo,FPFVI,0.25,No,No,No,No,Sí,Sí,Sí
CmteCerezo,Frayba,0.125,Sí,Sí,Sí,Sí,Sí,No,Sí
CmteCerezo,¡HastaEncontrarlos!,1.075,No,No,Sí,Sí,Sí,Sí,Sí
CmteCerezo,MULT,0.7,No,No,Sí,No,Sí,No,Sí
CmteCerezo,REDDH,0.2,No,No,Sí,Sí,Sí,No,Sí
CmteSolidaridadAyotz,CNPA-MLN,0.125,No,No,No,No,Sí,Sí,No
CmteSolidaridadAyotz,FASU,0.125,No,No,No,No,Sí,Sí,Sí
CmteSolidaridadAyotz,STRM,0.125,No,No,No,No,Sí,Sí,Sí
CmteSolidaridadAyotz,STUACH,0.125,No,No,Sí,No,No,No,Sí
CmteSolidaridadAyotz,STUNAM,0.125,No,No,Sí,No,No,No,Sí
CmteSolidaridadAyotz,UNT,0.125,No,No,No,No,Sí,Sí,Sí
CNC,CNPA-MLN,1,Sí,Sí,Sí,Sí,Sí,Sí,No
CNC,CNPR,2.5,Sí,Sí,Sí,Sí,Sí,Sí,No
CNC,UARS,0.5,Sí,Sí,Sí,Sí,No,No,Sí
CNC,ULPCA-CNC,2.5,No,No,No,Sí,Sí,Sí,No
CN-CI,CNTE-22,0.25,No,No,No,Sí,No,No,Sí
CN-CI,FPDT,0.25,No,No,No,No,No,No,Sí
CN-CI,LIMEDDH,0.25,No,No,No,No,Sí,Sí,Sí
CN-CI,#YoSoy132-CDMX,0.25,No,No,No,No,No,No,Sí
CNCU,ElCampoEsDeTodos,0.2,No,Sí,No,Sí,Sí,Sí,No
CNCU,FPFV,0.2,No,No,No,No,Sí,Sí,Sí
CNCU,UFIC,0.2,No,Sí,Sí,Sí,Sí,Sí,No
CNE,FECSM,0.5,Sí,Sí,No,Sí,Sí,Sí,Sí
CNI,FPFV,0.25,No,No,No,No,Sí,Sí,No
CNI,SME,0.25,No,No,Sí,No,Sí,Sí,Sí
CNI,SNTMMSSRM,0.25,No,No,Sí,No,Sí,Sí,Sí
CNI,STRM,0.25,No,No,Sí,No,Sí,Sí,Sí
CNMLC,CNTE-22,1,No,No,No,No,Sí,Sí,Sí
CNOC,CONOC,0.25,No,No,Sí,Sí,Sí,Sí,Sí
CNOC,FDC,0.25,No,No,No,Sí,No,No,Sí
CNOC,MAIZ,0.25,No,No,Sí,Sí,Sí,Sí,Sí
CNPA-MLN,CNTE-14,0.25,No,No,No,Sí,No,No,No
CNPA-MLN,CNTE-36,0.25,No,No,No,Sí,No,No,No
CNPA-MLN,COCYP,0.1428571429,Sí,Sí,Sí,Sí,Sí,Sí,Sí
CNPA-MLN,CODUC,1.4333333333,Sí,Sí,Sí,Sí,Sí,Sí,Sí
CNPA-MLN,CONSUCC,0.5833333333,Sí,Sí,No,Sí,Sí,Sí,Sí
CNPA-MLN,CooperativasTosepan,0.125,No,No,Sí,No,No,No,Sí
CNPA-MLN,ElCampoEsDeTodos,0.375,No,Sí,Sí,Sí,Sí,Sí,No
CNPA-MLN,EslabonesPorLaPaz,0.25,No,No,No,No,No,No,No
CNPA-MLN,FAC,2.7666666667,Sí,Sí,Sí,Sí,Sí,Sí,No
CNPA-MLN,FASU,0.125,No,No,Sí,Sí,Sí,Sí,No
CNPA-MLN,FDC,0.5,Sí,Sí,No,Sí,No,No,Sí
CNPA-MLN,FICAM,4.2178571429,No,No,Sí,No,Sí,Sí,No
CNPA-MLN,FIOAC,0.4,Sí,Sí,No,Sí,No,No,No
CNPA-MLN,FPDT,0.3333333333,No,No,No,No,No,No,No
CNPA-MLN,FPFV,1.8095238095,No,No,Sí,No,Sí,Sí,Sí
CNPA-MLN,FPFVI,0.25,No,No,Sí,No,No,No,No
CNPA-MLN,FPLZ,2,No,No,Sí,No,No,No,Sí
CNPA-MLN,Fundar,0.1666666667,No,No,No,No,No,No,Sí
CNPA-MLN,¡HastaEncontrarlos!,0.25,No,No,No,No,No,No,No
CNPA-MLN,IVC,0.1666666667,Sí,Sí,Sí,Sí,Sí,Sí,No
CNPA-MLN,MAIZ,13.1666666667,No,Sí,Sí,Sí,Sí,Sí,Sí
CNPA-MLN,MIOCUP-CNPA-MN,0.125,No,No,No,No,No,No,No
CNPA-MLN,MST,0.2,Sí,Sí,Sí,Sí,Sí,Sí,No
CNPA-MLN,OAN,0.2,Sí,Sí,No,Sí,No,No,No
CNPA-MLN,OCPIHV,0.25,Sí,Sí,No,Sí,No,No,Sí
CNPA-MLN,ProductoresUnidos,1,No,No,No,Sí,No,No,No
CNPA-MLN,RED_OSC,0.125,No,No,Sí,No,Sí,Sí,Sí
CNPA-MLN,RITA,0.125,No,No,No,No,Sí,Sí,No
CNPA-MLN,SEDEPAC-Cuetzalan,0.125,No,No,No,No,No,No,No
CNPA-MLN,SEI,0.25,No,No,No,Sí,No,No,No
CNPA-MLN,STRM,0.125,No,No,No,Sí,Sí,Sí,No
CNPA-MLN,STUACH,0.125,No,No,No,Sí,No,No,No
CNPA-MLN,STUNAM,0.125,No,No,No,Sí,No,No,No
CNPA-MLN,Tetela,0.125,No,No,No,No,No,No,No
CNPA-MLN,UCD,1.2,Sí,Sí,No,Sí,Sí,Sí,Sí
CNPA-MLN,UCEN,0.1428571429,Sí,Sí,No,Sí,No,No,No
CNPA-MLN,UFIC,1.125,No,Sí,No,Sí,Sí,Sí,No
CNPA-MLN,UGOCP,0.7083333333,No,No,No,Sí,Sí,Sí,Sí
CNPA-MLN,UNIMOSS,1.5416666667,No,No,Sí,Sí,Sí,Sí,Sí
CNPA-MLN,UNORCA,0.125,No,No,Sí,Sí,Sí,Sí,Sí
CNPA-MLN,UNT,0.325,No,No,Sí,Sí,Sí,Sí,No
CNPA-MLN,UNTA,3.5666666667,Sí,Sí,No,Sí,Sí,Sí,Sí
CNPA-MLN,UPREZ,0.3333333333,No,No,No,No,Sí,Sí,No
CNPR,ULPCA-CNC,2.5,No,No,No,Sí,Sí,Sí,Sí
CNSUESIC,FASU,0.25,No,No,Sí,Sí,Sí,Sí,Sí
CNSUESIC,STRM,0.25,No,No,No,Sí,Sí,Sí,Sí
CNSUESIC,SUTIN,0.25,No,Sí,No,Sí,No,No,Sí
CNSUESIC,UNT,0.25,No,No,Sí,Sí,Sí,Sí,Sí
CNTE,COCEM,0.0714285714,No,No,No,Sí,Sí,Sí,Sí
CNTE,CODUC,0.3333333333,No,No,No,Sí,Sí,Sí,No
CNTE,COR,0.0714285714,No,No,No,Sí,Sí,Sí,Sí
CNTE,CPSCDF,1,No,No,No,No,No,No,Sí
CNTE,CROM,0.0714285714,No,No,No,Sí,Sí,Sí,Sí
CNTE,CT,0.0714285714,No,No,No,Sí,Sí,Sí,Sí
CNTE,FPDT,0.3333333333,No,No,No,No,No,No,Sí
CNTE,FSM,0.0714285714,No,No,No,Sí,Sí,Sí,Sí
CNTE,LUS,0.3333333333,No,No,Sí,No,Sí,Sí,Sí
CNTE,MBMT,0.5,Sí,Sí,No,Sí,No,No,Sí
CNTE,MENA,0.25,No,No,No,No,No,No,Sí
CNTE,MMT,0.5,Sí,Sí,No,Sí,No,No,Sí
CNTE,MovMujeresIzq,0.125,No,No,No,No,Sí,Sí,Sí
CNTE,MUP,0.125,No,No,No,No,No,No,Sí
CNTE,OFPC,0.3333333333,No,No,No,No,No,No,Sí
CNTE,ProSL_Ecológico,0.3333333333,No,No,No,No,No,No,Sí
CNTE,ResISSSTE,1,No,No,No,Sí,No,No,Sí
CNTE,Resissstencia,0.3333333333,Sí,Sí,No,Sí,No,No,Sí
CNTE,SERAPAZ,0.3333333333,No,No,Sí,No,Sí,Sí,No
CNTE,SHCBDF,0.0714285714,No,No,No,Sí,No,No,Sí
CNTE,SME,1.6964285714,No,No,Sí,Sí,Sí,Sí,Sí
CNTE,SNTE-2,0.3333333333,No,Sí,Sí,Sí,No,No,Sí
CNTE,SNTE-21,0.5,No,Sí,Sí,Sí,No,No,Sí
CNTE,SNTE-27,4,No,Sí,Sí,Sí,No,No,Sí
CNTE,SNTE-37,0.3333333333,No,Sí,Sí,Sí,No,No,Sí
CNTE,SNTE-50,0.5,No,Sí,Sí,Sí,No,No,Sí
CNTE,SNTI,0.0714285714,No,No,No,Sí,No,No,Sí
CNTE,SNTINBAL,0.0714285714,No,No,No,Sí,No,No,Sí
CNTE,SNTISSSTE,0.25,No,No,Sí,Sí,Sí,Sí,Sí
CNTE,SNTSA,0.25,No,No,Sí,Sí,Sí,Sí,Sí
CNTE,SNTSS,0.25,No,No,Sí,Sí,Sí,Sí,Sí
CNTE,SNTSTC,0.0714285714,No,No,No,Sí,No,No,Sí
CNTE,STRM,0.0714285714,No,No,Sí,Sí,Sí,Sí,Sí
CNTE,STUACH,0.125,No,Sí,No,Sí,No,No,Sí
CNTE,STUNAM,0.6964285714,No,Sí,No,Sí,No,No,Sí
CNTE,SUTIEMS,0.3333333333,No,Sí,No,Sí,No,No,Sí
CNTE,SUTIN,0.125,No,No,No,Sí,No,No,Sí
CNTE,UNT,0.0714285714,No,No,No,Sí,Sí,Sí,Sí
CNTE,UPRN,0.3333333333,No,No,No,Sí,Sí,Sí,Sí
CNTE-10,CNTE-14,0.1666666667,Sí,Sí,Sí,Sí,Sí,No,Sí
CNTE-10,CNTE-18,0.5,Sí,Sí,Sí,Sí,Sí,No,Sí
CNTE-10,CNTE-22,0.1666666667,Sí,Sí,Sí,Sí,Sí,No,Sí
CNTE-10,CNTE-32,0.3333333333,Sí,Sí,Sí,Sí,Sí,No,Sí
CNTE-10,CNTE-36,0.1666666667,Sí,Sí,Sí,Sí,Sí,No,Sí
CNTE-10,CNTE-7,0.1666666667,Sí,Sí,Sí,Sí,Sí,No,Sí
CNTE-10,CNTE-9,1.5,Sí,Sí,Sí,Sí,Sí,Sí,Sí
CNTE-11,CNTE-18,0.3333333333,Sí,Sí,Sí,Sí,Sí,No,Sí
CNTE-11,CNTE-22,0.3333333333,Sí,Sí,Sí,Sí,Sí,No,Sí
CNTE-11,CNTE-9,0.3333333333,Sí,Sí,Sí,Sí,Sí,Sí,Sí
CNTE-11,SNTE-10,1,No,Sí,Sí,Sí,Sí,Sí,Sí
CNTE-14,CNTE-18,1.4563492063,Sí,Sí,Sí,Sí,Sí,No,Sí
CNTE-14,CNTE-19,0.125,Sí,Sí,Sí,Sí,Sí,No,Sí
CNTE-14,CNTE-22,2.2063492063,Sí,Sí,Sí,Sí,Sí,No,Sí
CNTE-14,CNTE-23,0.3928571429,Sí,Sí,Sí,Sí,Sí,No,Sí
CNTE-14,CNTE-32,0.6785714286,Sí,Sí,Sí,Sí,Sí,No,Sí
CNTE-14,CNTE-36,0.5595238095,Sí,Sí,Sí,Sí,Sí,No,Sí
CNTE-14,CNTE-40,0.2361111111,Sí,Sí,Sí,Sí,Sí,No,Sí
CNTE-14,CNTE-7,1.9146825397,Sí,Sí,Sí,Sí,Sí,No,Sí
CNTE-14,CNTE-9,2.3968253968,Sí,Sí,Sí,Sí,Sí,No,Sí
CNTE-14,FASU,0.1111111111,No,No,No,Sí,No,No,Sí
CNTE-14,MPG,1.25,No,No,No,No,Sí,Sí,Sí
CNTE-14,MPJD,0.5,No,No,No,No,Sí,No,Sí
CNTE-14,SEI,0.25,Sí,Sí,Sí,Sí,Sí,No,Sí
CNTE-14,SNTE-13,0.2678571429,No,Sí,Sí,Sí,Sí,No,Sí
CNTE-14,SNTE-15,0.125,No,Sí,Sí,Sí,Sí,No,Sí
CNTE-14,SNTE-16,0.1428571429,No,Sí,Sí,Sí,Sí,No,Sí
CNTE-14,SNTE-31,0.25,No,Sí,Sí,Sí,Sí,No,Sí
CNTE-14,SNTE-4,0.1428571429,No,Sí,Sí,Sí,Sí,No,Sí
CNTE-14,SNTE-56,0.1428571429,No,Sí,Sí,Sí,Sí,No,Sí
CNTE-14,STRM,0.1111111111,No,No,Sí,Sí,No,No,Sí
CNTE-14,STUNAM,1.4444444444,No,Sí,No,Sí,Sí,No,Sí
CNTE-14,SUSPEG,4.25,No,No,Sí,Sí,Sí,Sí,Sí
CNTE-14,SUTCOBACH-Gro,0.25,No,Sí,Sí,Sí,Sí,No,Sí
CNTE-14,UNT,0.1111111111,No,No,No,Sí,No,No,Sí
CNTE-18,CNTE-19,0.125,Sí,Sí,Sí,Sí,Sí,No,Sí
CNTE-18,CNTE-22,6.810515873,Sí,Sí,Sí,Sí,Sí,No,Sí
CNTE-18,CNTE-23,0.5178571429,Sí,Sí,Sí,Sí,Sí,No,Sí
CNTE-18,CNTE-32,1.3869047619,Sí,Sí,Sí,Sí,Sí,No,Sí
CNTE-18,CNTE-34,0.125,Sí,Sí,Sí,Sí,Sí,No,Sí
CNTE-18,CNTE-36,0.3095238095,Sí,Sí,Sí,Sí,Sí,No,Sí
CNTE-18,CNTE-40,0.2361111111,Sí,Sí,Sí,Sí,Sí,No,Sí
CNTE-18,CNTE-7,1.5813492063,Sí,Sí,Sí,Sí,Sí,No,Sí
CNTE-18,CNTE-9,5.4563492063,Sí,Sí,Sí,Sí,Sí,No,Sí
CNTE-18,CP,0.2,No,No,No,No,No,No,Sí
CNTE-18,CSIM,0.25,No,No,No,No,Sí,Sí,Sí
CNTE-18,CUL,0.3333333333,No,No,No,No,Sí,Sí,Sí
CNTE-18,CUTM,0.1428571429,No,No,Sí,Sí,No,No,Sí
CNTE-18,FASU,0.1111111111,No,No,No,Sí,No,No,Sí
CNTE-18,FCSxM,4.4833333333,No,No,No,No,Sí,Sí,Sí
CNTE-18,FSM,0.2625,No,No,No,Sí,No,No,Sí
CNTE-18,MMB,1,Sí,Sí,No,Sí,Sí,No,Sí
CNTE-18,MMPV,0.5,Sí,Sí,No,Sí,Sí,No,Sí
CNTE-18,MPG,1,No,No,No,No,Sí,No,Sí
CNTE-18,MUP,0.1428571429,No,No,No,No,Sí,No,Sí
CNTE-18,NCT,0.1428571429,No,No,No,Sí,No,No,Sí
CNTE-18,NPZ,0.3333333333,No,No,No,No,Sí,Sí,Sí
CNTE-18,SDITSTC,0.0625,No,No,No,Sí,Sí,No,Sí
CNTE-18,SITCBEM,0.65,No,Sí,Sí,Sí,Sí,Sí,Sí
CNTE-18,SME,0.9886904762,No,No,Sí,Sí,No,No,Sí
CNTE-18,SMSEM,0.25,No,Sí,Sí,Sí,Sí,No,Sí
CNTE-18,SNTE-13,0.2678571429,No,Sí,Sí,Sí,Sí,No,Sí
CNTE-18,SNTE-15,0.125,No,Sí,Sí,Sí,Sí,No,Sí
CNTE-18,SNTE-16,0.2678571429,No,Sí,Sí,Sí,Sí,No,Sí
CNTE-18,SNTE-21,0.125,No,Sí,Sí,Sí,Sí,No,Sí
CNTE-18,SNTE-24,0.125,No,Sí,Sí,Sí,Sí,No,Sí
CNTE-18,SNTE-25,0.125,No,Sí,Sí,Sí,Sí,No,Sí
CNTE-18,SNTE-31,0.25,No,Sí,Sí,Sí,Sí,No,Sí
CNTE-18,SNTE-4,0.1428571429,No,Sí,Sí,Sí,Sí,No,Sí
CNTE-18,SNTE-56,0.1428571429,No,Sí,Sí,Sí,Sí,No,Sí
CNTE-18,SNTE-6,1,No,Sí,Sí,Sí,Sí,No,Sí
CNTE-18,SNTMMSSRM,0.0625,No,No,Sí,Sí,No,No,Sí
CNTE-18,SPUM,0.25,No,Sí,No,Sí,Sí,Sí,Sí
CNTE-18,STASPE,2.7333333333,No,No,No,Sí,Sí,Sí,Sí
CNTE-18,STRM,0.5069444444,No,No,Sí,Sí,No,No,Sí
CNTE-18,STUNAM,0.6236111111,No,Sí,No,Sí,Sí,No,Sí
CNTE-18,SUEUM,3.3166666667,No,Sí,No,Sí,Sí,Sí,Sí
CNTE-18,SUTCECyTEM,0.25,No,Sí,No,Sí,Sí,Sí,Sí
CNTE-18,SUTCOBACH-Gro,0.0625,No,Sí,Sí,Sí,Sí,No,Sí
CNTE-18,SUTCONALEP,0.0625,No,Sí,Sí,Sí,No,No,Sí
CNTE-18,SUTIN,0.0625,No,No,No,Sí,Sí,No,Sí
CNTE-18,UniónPobTierra&Lib,0.0625,No,No,No,No,Sí,No,Sí
CNTE-18,UNT,0.3736111111,No,No,No,Sí,No,No,Sí
CNTE-18,UPREZ,0.0625,No,No,Sí,No,No,No,Sí
CNTE-19,CNTE-22,0.125,Sí,Sí,Sí,Sí,Sí,No,Sí
CNTE-19,CNTE-23,0.125,Sí,Sí,Sí,Sí,Sí,No,Sí
CNTE-19,CNTE-40,0.125,Sí,Sí,Sí,Sí,Sí,No,Sí
CNTE-19,CNTE-7,0.125,Sí,Sí,Sí,Sí,Sí,No,Sí
CNTE-19,CNTE-9,0.125,Sí,Sí,Sí,Sí,Sí,No,Sí
CNTE-19,FPDTA-MPT,0.3333333333,No,No,No,No,No,No,Sí
CNTE-19,MMB,1,Sí,Sí,No,Sí,Sí,Sí,Sí
CNTE-19,MPG,0.3333333333,No,No,No,No,Sí,No,Sí
CNTE-19,SNTE-31,0.125,No,Sí,Sí,Sí,Sí,No,Sí
CNTE-19,#YoSoy132-Pue,0.3333333333,No,No,Sí,No,Sí,No,Sí
CNTE-22,CNTE-23,0.5178571429,Sí,Sí,Sí,Sí,Sí,No,Sí
CNTE-22,CNTE-32,1.1369047619,Sí,Sí,Sí,Sí,Sí,No,Sí
CNTE-22,CNTE-34,0.125,Sí,Sí,Sí,Sí,Sí,No,Sí
CNTE-22,CNTE-36,0.8095238095,Sí,Sí,Sí,Sí,Sí,No,Sí
CNTE-22,CNTE-40,0.2361111111,Sí,Sí,Sí,Sí,Sí,No,Sí
CNTE-22,CNTE-7,2.1646825397,Sí,Sí,Sí,Sí,Sí,No,Sí
CNTE-22,CNTE-9,6.7301587302,Sí,Sí,Sí,Sí,Sí,No,Sí
CNTE-22,ComunaOax,0.25,No,No,No,No,Sí,Sí,Sí
CNTE-22,FACMEO,2,No,No,Sí,No,Sí,Sí,Sí
CNTE-22,FALP,0.25,No,No,No,No,Sí,Sí,Sí
CNTE-22,FASU,0.1111111111,No,No,No,Sí,No,No,Sí
CNTE-22,FOCTEO,0.3333333333,No,No,No,No,Sí,Sí,Sí
CNTE-22,FPDT,0.25,No,No,No,No,No,No,Sí
CNTE-22,FPR,2.0833333333,No,No,No,Sí,No,No,Sí
CNTE-22,FSM,0.0625,No,No,No,Sí,No,No,Sí
CNTE-22,FUL-APPO,3,No,No,No,No,Sí,Sí,Sí
CNTE-22,FUSION,0.5,No,No,No,Sí,Sí,No,Sí
CNTE-22,LIMEDDH,0.25,No,No,No,No,No,No,Sí
CNTE-22,MAES,0.5,No,No,No,No,Sí,No,Sí
CNTE-22,MENA,0.5,No,No,No,No,Sí,No,Sí
CNTE-22,MULT,0.25,No,No,No,No,Sí,Sí,Sí
CNTE-22,OPIZ,0.3333333333,No,No,No,No,Sí,Sí,Sí
CNTE-22,SDITSTC,0.0625,No,No,No,Sí,Sí,No,Sí
CNTE-22,SME,0.6458333333,No,No,Sí,Sí,No,No,Sí
CNTE-22,SMSEM,0.75,No,Sí,Sí,Sí,Sí,No,Sí
CNTE-22,SNTE-13,0.2678571429,No,Sí,Sí,Sí,Sí,No,Sí
CNTE-22,SNTE-15,0.125,No,Sí,Sí,Sí,Sí,No,Sí
CNTE-22,SNTE-16,0.2678571429,No,Sí,Sí,Sí,Sí,No,Sí
CNTE-22,SNTE-21,0.125,No,Sí,Sí,Sí,Sí,No,Sí
CNTE-22,SNTE-24,0.125,No,Sí,Sí,Sí,Sí,No,Sí
CNTE-22,SNTE-25,0.125,No,Sí,Sí,Sí,Sí,No,Sí
CNTE-22,SNTE-31,0.25,No,Sí,Sí,Sí,Sí,No,Sí
CNTE-22,SNTE-33,0.5,No,Sí,Sí,Sí,Sí,No,Sí
CNTE-22,SNTE-4,0.1428571429,No,Sí,Sí,Sí,Sí,No,Sí
CNTE-22,SNTE-42,0.3333333333,No,Sí,Sí,Sí,Sí,No,Sí
CNTE-22,SNTE-56,0.1428571429,No,Sí,Sí,Sí,Sí,No,Sí
CNTE-22,SNTE-57,0.5,No,Sí,Sí,Sí,Sí,No,Sí
CNTE-22,SNTMMSSRM,0.0625,No,No,Sí,Sí,No,No,Sí
CNTE-22,STRM,0.1736111111,No,No,Sí,Sí,No,No,Sí
CNTE-22,STUNAM,0.4236111111,No,Sí,No,Sí,Sí,No,Sí
CNTE-22,SUTCOBACH-Gro,0.0625,No,Sí,Sí,Sí,Sí,No,Sí
CNTE-22,SUTCONALEP,0.0625,No,Sí,Sí,Sí,No,No,Sí
CNTE-22,SUTIN,0.0625,No,No,No,Sí,Sí,No,Sí
CNTE-22,UACOL,1,No,No,No,No,Sí,Sí,Sí
CNTE-22,UCIZONI,2.5,No,No,No,No,No,No,No
CNTE-22,UniónPobTierra&Lib,0.0625,No,No,No,No,Sí,No,Sí
CNTE-22,UNT,0.1736111111,No,No,No,Sí,No,No,Sí
CNTE-22,UPREZ,1.0625,No,No,Sí,No,No,No,Sí
CNTE-22,UPRN,0.3333333333,No,No,No,Sí,No,No,Sí
CNTE-22,#YoSoy132-CDMX,0.25,No,No,Sí,No,Sí,No,Sí
CNTE-23,CNTE-32,0.2678571429,Sí,Sí,Sí,Sí,Sí,No,Sí
CNTE-23,CNTE-34,0.125,Sí,Sí,Sí,Sí,Sí,No,Sí
CNTE-23,CNTE-40,0.125,Sí,Sí,Sí,Sí,Sí,No,Sí
CNTE-23,CNTE-7,0.2678571429,Sí,Sí,Sí,Sí,Sí,No,Sí
CNTE-23,CNTE-9,0.25,Sí,Sí,Sí,Sí,Sí,No,Sí
CNTE-23,MIOCUP-CNPA-MN,0.3333333333,No,No,No,No,Sí,Sí,Sí
CNTE-23,MovLosDeAbajo-Pue,0.3333333333,No,No,No,No,Sí,Sí,Sí
CNTE-23,SNTE-13,0.2678571429,No,Sí,Sí,Sí,Sí,No,Sí
CNTE-23,SNTE-15,0.125,No,Sí,Sí,Sí,Sí,No,Sí
CNTE-23,SNTE-16,0.2678571429,No,Sí,Sí,Sí,Sí,No,Sí
CNTE-23,SNTE-21,0.125,No,Sí,Sí,Sí,Sí,No,Sí
CNTE-23,SNTE-24,0.125,No,Sí,Sí,Sí,Sí,No,Sí
CNTE-23,SNTE-25,0.125,No,Sí,Sí,Sí,Sí,No,Sí
CNTE-23,SNTE-31,0.25,No,Sí,Sí,Sí,Sí,No,Sí
CNTE-23,UPVA 28 Oct,0.3333333333,No,No,No,No,Sí,Sí,Sí
CNTE-32,CNTE-34,0.125,Sí,Sí,Sí,Sí,Sí,No,Sí
CNTE-32,CNTE-36,0.1428571429,Sí,Sí,Sí,Sí,Sí,No,Sí
CNTE-32,CNTE-7,1.0119047619,Sí,Sí,Sí,Sí,Sí,No,Sí
CNTE-32,CNTE-9,0.869047619,Sí,Sí,Sí,Sí,Sí,No,Sí
CNTE-32,MMPV,1.5,Sí,Sí,No,Sí,Sí,Sí,Sí
CNTE-32,SNTE-13,0.1428571429,No,Sí,Sí,Sí,Sí,No,Sí
CNTE-32,SNTE-16,0.2678571429,No,Sí,Sí,Sí,Sí,No,Sí
CNTE-32,SNTE-21,0.125,No,Sí,Sí,Sí,Sí,No,Sí
CNTE-32,SNTE-24,0.125,No,Sí,Sí,Sí,Sí,No,Sí
CNTE-32,SNTE-25,0.125,No,Sí,Sí,Sí,Sí,No,Sí
CNTE-32,SNTE-4,0.1428571429,No,Sí,Sí,Sí,Sí,No,Sí
CNTE-32,SNTE-42,0.3333333333,No,Sí,Sí,Sí,Sí,No,Sí
CNTE-32,SNTE-56,0.1428571429,No,Sí,Sí,Sí,Sí,Sí,Sí
CNTE-34,FPLZ,0.7,No,No,No,No,Sí,Sí,No
CNTE-34,MDM-Zac,0.5,Sí,Sí,No,Sí,Sí,Sí,Sí
CNTE-34,SNTE-16,0.125,No,Sí,Sí,Sí,Sí,No,Sí
CNTE-34,SNTE-21,0.125,No,Sí,Sí,Sí,Sí,No,Sí
CNTE-34,SNTE-24,0.125,No,Sí,Sí,Sí,Sí,No,Sí
CNTE-34,SNTE-25,0.125,No,Sí,Sí,Sí,Sí,No,Sí
CNTE-34,SNTE-58,0.2,No,Sí,Sí,Sí,Sí,Sí,Sí
CNTE-34,SNTSS-29,1,No,No,Sí,Sí,Sí,Sí,Sí
CNTE-34,SPAUAZ,0.5333333333,No,Sí,No,Sí,Sí,Sí,Sí
CNTE-34,STRM,0.2,No,No,Sí,Sí,No,No,Sí
CNTE-34,STUAZ,0.3333333333,No,Sí,No,Sí,Sí,Sí,Sí
CNTE-34,SUTIZEA,0.3333333333,No,Sí,No,Sí,Sí,Sí,Sí
CNTE-36,CNTE-7,0.3095238095,Sí,Sí,Sí,Sí,Sí,No,Sí
CNTE-36,CNTE-9,0.3095238095,Sí,Sí,Sí,Sí,Sí,No,Sí
CNTE-36,ColonosTulpetlac,0.3333333333,No,No,No,No,Sí,Sí,Sí
CNTE-36,MDM-Edomex,0.3333333333,Sí,Sí,Sí,Sí,Sí,Sí,Sí
CNTE-36,MMCRE,0.3333333333,Sí,Sí,No,Sí,Sí,Sí,Sí
CNTE-36,MORESI,1,No,No,No,Sí,Sí,No,Sí
CNTE-36,SEI,0.25,Sí,Sí,Sí,Sí,Sí,Sí,Sí
CNTE-36,SMSEM,2.8333333333,No,Sí,Sí,Sí,Sí,Sí,Sí
CNTE-36,SNTE-17,1.3333333333,No,Sí,Sí,Sí,Sí,Sí,Sí
CNTE-36,UPREZ,0.3333333333,No,No,Sí,No,No,No,Sí
CNTE-40,CNTE-7,118.5694444444,Sí,Sí,Sí,Sí,Sí,Sí,Sí
CNTE-40,CNTE-9,0.2361111111,Sí,Sí,Sí,Sí,Sí,No,Sí
CNTE-40,FASU,0.1111111111,No,No,No,Sí,No,No,Sí
CNTE-40,SNTE-31,0.125,No,Sí,Sí,Sí,Sí,No,Sí
CNTE-40,SNTSA,0.3333333333,No,No,Sí,Sí,No,No,Sí
CNTE-40,STRM,0.4444444444,No,No,Sí,Sí,No,No,Sí
CNTE-40,STUNAM,0.1111111111,No,Sí,No,Sí,Sí,No,Sí
CNTE-40,UNT,0.1111111111,No,No,No,Sí,No,No,Sí
CNTE-7,CNTE-9,1.7718253968,Sí,Sí,Sí,Sí,Sí,No,Sí
CNTE-7,FASU,0.1111111111,No,No,No,Sí,No,No,Sí
CNTE-7,SMSEM,0.25,No,Sí,Sí,Sí,Sí,No,Sí
CNTE-7,SNTE-13,0.1428571429,No,Sí,Sí,Sí,Sí,No,Sí
CNTE-7,SNTE-16,0.1428571429,No,Sí,Sí,Sí,Sí,No,Sí
CNTE-7,SNTE-31,0.125,No,Sí,Sí,Sí,Sí,No,Sí
CNTE-7,SNTE-4,0.1428571429,No,Sí,Sí,Sí,Sí,No,Sí
CNTE-7,SNTE-42,0.3333333333,No,Sí,Sí,Sí,Sí,No,Sí
CNTE-7,SNTE-56,0.1428571429,No,Sí,Sí,Sí,Sí,No,Sí
CNTE-7,SNTSA,0.3333333333,No,No,Sí,Sí,No,No,Sí
CNTE-7,STRM,0.4444444444,No,No,Sí,Sí,No,No,Sí
CNTE-7,STUNAM,0.4444444444,No,Sí,No,Sí,Sí,No,Sí
CNTE-7,UNT,0.1111111111,No,No,No,Sí,No,No,Sí
CNTE-9,CUTM,0.1428571429,No,No,Sí,Sí,No,No,Sí
CNTE-9,FASU,0.1111111111,No,No,No,Sí,No,No,Sí
CNTE-9,MUP,0.1428571429,No,No,No,No,Sí,Sí,Sí
CNTE-9,NCT,0.1428571429,No,No,No,Sí,No,No,Sí
CNTE-9,SME,0.1428571429,No,No,Sí,Sí,No,No,Sí
CNTE-9,SNTE-13,0.125,No,Sí,Sí,Sí,Sí,No,Sí
CNTE-9,SNTE-15,0.125,No,Sí,Sí,Sí,Sí,No,Sí
CNTE-9,SNTE-31,0.25,No,Sí,Sí,Sí,Sí,No,Sí
CNTE-9,SNTE-4,0.1428571429,No,Sí,Sí,Sí,Sí,No,Sí
CNTE-9,SNTE-56,0.1428571429,No,Sí,Sí,Sí,Sí,No,Sí
CNTE-9,STRM,0.1111111111,No,No,Sí,Sí,No,No,Sí
CNTE-9,STUNAM,0.4444444444,No,Sí,No,Sí,Sí,Sí,Sí
CNTE-9,UNT,0.1111111111,No,No,No,Sí,No,No,Sí
COCEI,SindHeliodoroCC,0.3333333333,No,No,No,Sí,Sí,Sí,Sí
COCEI,SindHnosFM,0.3333333333,No,No,No,Sí,Sí,Sí,Sí
COCEI,UnionMat&Chof_Istmo,0.3333333333,No,No,No,No,Sí,Sí,Sí
COCEM,COR,0.0714285714,No,No,Sí,Sí,Sí,Sí,Sí
COCEM,CROM,0.0714285714,No,No,Sí,Sí,Sí,Sí,Sí
COCEM,CT,0.0714285714,No,No,Sí,Sí,Sí,Sí,Sí
COCEM,FSM,0.0714285714,No,No,Sí,Sí,Sí,Sí,Sí
COCEM,SHCBDF,0.0714285714,No,No,No,Sí,No,No,Sí
COCEM,SME,0.0714285714,No,No,No,Sí,Sí,Sí,Sí
COCEM,SNTI,0.0714285714,No,No,No,Sí,No,No,Sí
COCEM,SNTINBAL,0.0714285714,No,No,No,Sí,No,No,Sí
COCEM,SNTSTC,0.0714285714,No,No,No,Sí,No,No,Sí
COCEM,STRM,0.0714285714,No,No,No,Sí,Sí,Sí,Sí
COCEM,STUNAM,0.0714285714,No,No,No,Sí,No,No,Sí
COCEM,UNT,0.0714285714,Sí,Sí,Sí,Sí,Sí,Sí,Sí
COCYP,CONORP,0.3333333333,Sí,Sí,Sí,Sí,Sí,Sí,No
COCYP,FICAM,0.1428571429,No,No,Sí,No,Sí,Sí,No
COCYP,FPFV,0.4761904762,No,No,Sí,No,Sí,Sí,Sí
COCYP,STINCA,0.3333333333,No,No,No,Sí,No,No,No
COCYP,UCEN,0.1428571429,Sí,Sí,No,Sí,No,No,No
CODEHUTAB,METAB,0.5,No,No,Sí,Sí,Sí,Sí,No
CODEHUTAB,MovMexDespierta,0.5,No,No,Sí,Sí,Sí,Sí,No
CODUC,FAC,2.8833333333,Sí,Sí,Sí,Sí,Sí,Sí,No
CODUC,FIOAC,0.65,Sí,Sí,No,Sí,No,No,No
CODUC,Fundar,0.1666666667,No,No,No,No,No,No,Sí
CODUC,IVC,0.1666666667,Sí,Sí,Sí,Sí,Sí,Sí,No
CODUC,MST,1.4,Sí,Sí,Sí,Sí,Sí,Sí,No
CODUC,SME,0.3333333333,No,No,No,Sí,Sí,Sí,No
CODUC,UGOCM-JL,0.25,Sí,Sí,No,Sí,Sí,Sí,No
CODUC,UNIMOSS,0.1666666667,No,No,Sí,Sí,Sí,Sí,Sí
CODUC,UNT,0.2,No,No,Sí,Sí,Sí,Sí,No
CODUC,UNTA,2.6833333333,Sí,Sí,No,Sí,Sí,Sí,Sí
CODUC,UPRN,0.3333333333,No,No,Sí,Sí,Sí,Sí,No
Colectivo1Dic,FO,0.3333333333,No,No,No,No,Sí,No,Sí
Colectivo1Dic,MC_Justicia5Jun,0.3333333333,No,No,Sí,Sí,Sí,No,Sí
Colectivo1Dic,#YoSoy132-CDMX,0.3333333333,No,No,No,Sí,Sí,Sí,Sí
ColectivoAzul,COMDA,0.1428571429,Sí,Sí,No,Sí,No,No,Sí
ColectivoAzul,FAO-MSX,0.1428571429,No,No,No,Sí,Sí,Sí,Sí
ColectivoAzul,Fundar,0.1428571429,No,No,Sí,Sí,Sí,No,No
ColectivoAzul,MovContraEspSilver,0.1428571429,No,No,No,Sí,Sí,No,Sí
ColectivoAzul,MovPuebMorelos,0.1428571429,No,No,Sí,Sí,Sí,No,Sí
ColectivoAzul,ProSL_Ecológico,0.1428571429,Sí,Sí,Sí,Sí,Sí,Sí,Sí
ColectivoLabris,FeministasCom,0.1111111111,No,No,Sí,Sí,No,No,Sí
ColectivoLabris,HelechoVerde,0.1111111111,No,No,Sí,Sí,Sí,Sí,Sí
ColectivoLabris,LunasLesbianas,0.1111111111,Sí,Sí,Sí,Sí,Sí,No,Sí
ColectivoLabris,NHRC,0.1111111111,No,No,Sí,Sí,Sí,No,Sí
ColectivoLabris,OCNF,0.1111111111,No,Sí,No,Sí,No,No,Sí
ColectivoLabris,Rednes,0.1111111111,No,No,Sí,Sí,Sí,Sí,Sí
ColectivoLabris,RosasRojas,0.1111111111,No,No,Sí,Sí,Sí,Sí,Sí
ColectivoLabris,TierraLesbik,0.1111111111,Sí,Sí,Sí,Sí,Sí,Sí,Sí
Colectivo SEP-SC,D-III-198-INBAL,0.2,No,Sí,No,Sí,Sí,Sí,Sí
Colectivo SEP-SC,D-III-20_Bibl,0.2,No,Sí,No,Sí,Sí,Sí,Sí
Colectivo SEP-SC,D-III-239-CENART,0.2,No,Sí,No,Sí,Sí,Sí,Sí
Colectivo SEP-SC,D-III-24_INAH,0.2,No,Sí,No,Sí,Sí,Sí,Sí
Colectivo SEP-SC,SNTE-10,0.2,Sí,Sí,No,Sí,Sí,Sí,Sí
ColectivoSolecito,RedMadrHijosDesap,1,No,Sí,Sí,Sí,Sí,Sí,Sí
ColonosTulpetlac,MDM-Edomex,0.3333333333,No,No,No,No,Sí,Sí,Sí
ColonosTulpetlac,UPREZ,0.3333333333,No,No,No,Sí,No,No,Sí
CoMaFHiD,RedMesaMujCdJua,1,No,No,No,Sí,Sí,Sí,No
COMDA,EPC,0.3333333333,No,No,No,No,No,No,No
COMDA,FAO-MSX,0.1428571429,No,No,Sí,Sí,No,No,Sí
COMDA,Fundar,0.1428571429,No,No,No,Sí,No,No,No
COMDA,MovContraEspSilver,0.1428571429,No,No,Sí,Sí,No,No,Sí
COMDA,MovPuebMorelos,0.1428571429,No,No,No,Sí,No,No,Sí
COMDA,ProSL_Ecológico,0.1428571429,Sí,Sí,No,Sí,No,No,Sí
ComunaOax,DiálogoParlamOax,0.25,No,No,Sí,No,Sí,Sí,No
ComunaOax,EDUCA,0.25,No,No,Sí,No,Sí,Sí,No
ComunaOax,FALP,0.25,No,No,No,No,Sí,Sí,Sí
ComunaOax,FPR,0.25,No,No,No,No,No,No,Sí
ComunaOax,MULT,0.5,No,No,Sí,No,Sí,Sí,Sí
CONACOCI,MPG,0.25,No,No,No,No,Sí,Sí,Sí
CONACOCI,SUTCOBACH-Gro,0.25,No,No,No,No,Sí,No,Sí
CONOC,FDC,0.25,Sí,Sí,No,Sí,No,No,Sí
CONOC,GEA,0.25,No,No,No,No,No,No,Sí
CONOC,GPM,0.25,No,No,No,No,Sí,Sí,No
CONOC,MAIZ,0.5,No,Sí,Sí,Sí,Sí,Sí,Sí
CONOC,SemillasDeVida,0.25,No,No,No,No,No,No,Sí
CONORP,FPFV,0.3333333333,No,No,Sí,No,Sí,Sí,No
CONORP,STINCA,0.3333333333,No,No,No,Sí,No,No,Sí
ConsejoWixarika,FPDT,0.3333333333,No,No,Sí,No,Sí,Sí,Sí
ConsejoWixarika,UnSaltoVida,0.3333333333,No,No,Sí,No,No,No,Sí
CONSUCC,ElCampoEsDeTodos,0.25,No,Sí,No,Sí,Sí,Sí,No
CONSUCC,UGOCP,0.5833333333,No,No,Sí,Sí,Sí,Sí,Sí
CooperativasTosepan,MAS,0.1666666667,No,No,No,No,Sí,Sí,No
CooperativasTosepan,MIOCUP-CNPA-MN,0.125,No,Sí,No,Sí,Sí,Sí,No
CooperativasTosepan,MORENA,0.1666666667,No,No,No,No,No,No,No
CooperativasTosepan,MovLosDeAbajo-Pue,0.1666666667,No,No,No,No,Sí,Sí,No
CooperativasTosepan,RITA,0.125,No,Sí,No,Sí,No,No,No
CooperativasTosepan,SEDEPAC-Cuetzalan,0.125,No,No,No,No,Sí,No,No
CooperativasTosepan,STRM,0.1666666667,No,No,No,No,No,No,No
CooperativasTosepan,Tetela,0.125,No,Sí,No,Sí,Sí,Sí,No
CooperativasTosepan,UFIC,0.125,No,Sí,No,No,No,No,No
COR,CROM,0.0714285714,Sí,Sí,Sí,Sí,Sí,Sí,Sí
COR,CT,0.0714285714,Sí,Sí,Sí,Sí,Sí,Sí,Sí
COR,FSM,0.0714285714,Sí,Sí,Sí,Sí,Sí,Sí,Sí
COR,SHCBDF,0.0714285714,No,No,No,Sí,No,No,Sí
COR,SME,0.0714285714,No,No,No,Sí,Sí,Sí,Sí
COR,SNTI,0.0714285714,No,No,No,Sí,No,No,Sí
COR,SNTINBAL,0.0714285714,No,No,No,Sí,No,No,Sí
COR,SNTSTC,0.0714285714,No,No,No,Sí,No,No,Sí
COR,STRM,0.0714285714,No,No,No,Sí,Sí,Sí,Sí
COR,STUNAM,0.0714285714,No,No,No,Sí,No,No,Sí
COR,UNT,0.0714285714,No,No,Sí,Sí,Sí,Sí,Sí
CORSOPAL-Mex,MMSP,1,Sí,Sí,Sí,Sí,No,No,Sí
CP,FSM,0.2,No,No,No,No,Sí,Sí,Sí
CP,SME,0.2,No,No,No,No,Sí,Sí,Sí
CP,STUNAM,0.2,No,No,Sí,No,No,No,Sí
CP,UNT,0.2,No,No,No,No,Sí,Sí,Sí
CPSCDF,FAT,0.2,No,No,Sí,No,No,No,Sí
CPSCDF,FP RO,0.2,No,No,No,No,Sí,Sí,Sí
CPSCDF,FteCívicoTeotihuacán,0.2,No,No,Sí,No,Sí,No,Sí
CPSCDF,SAINAH,0.2,No,No,No,No,No,No,Sí
CROC,CTC,0.5,No,No,Sí,Sí,Sí,Sí,Sí
CROC,CTM,0.5,No,No,Sí,Sí,Sí,Sí,Sí
CROC,MujeresEnAcción,0.2,No,No,No,No,No,No,Sí
CROC,VoluntariosxLapaz,0.2,No,No,No,No,No,No,Sí
CROM,CT,0.0714285714,Sí,Sí,Sí,Sí,Sí,Sí,Sí
CROM,FSM,0.1714285714,Sí,Sí,Sí,Sí,Sí,Sí,Sí
CROM,SHCBDF,0.0714285714,No,No,No,Sí,No,No,Sí
CROM,SME,0.5714285714,No,No,No,Sí,Sí,Sí,Sí
CROM,SNTI,0.0714285714,No,No,No,Sí,No,No,Sí
CROM,SNTINBAL,0.1714285714,No,No,No,Sí,No,No,Sí
CROM,SNTSTC,0.0714285714,No,No,No,Sí,No,No,Sí
CROM,SNTTTASS,0.1,No,No,No,Sí,No,No,Sí
CROM,STRM,0.5714285714,No,No,No,Sí,Sí,Sí,Sí
CROM,STUNAM,0.5714285714,No,No,No,Sí,No,No,Sí
CROM,UNT,0.3714285714,No,No,Sí,Sí,Sí,Sí,Sí
CROM,UNTA,0.1,No,No,No,Sí,Sí,Sí,No
CROM,#YoSoy132-CDMX,0.3,No,No,No,No,No,No,Sí
CSDH_MnsrRomero,¡HastaEncontrarlos!,0.2,No,No,No,Sí,Sí,Sí,No
CSDH_MnsrRomero,MULT,0.2,No,No,No,No,Sí,No,No
CSDH_MnsrRomero,REDDH,0.2,No,Sí,No,Sí,Sí,No,No
CSIM,SPUM,0.25,No,No,Sí,No,Sí,Sí,Sí
CSIM,STASPE,0.25,No,No,Sí,No,Sí,Sí,Sí
CSIM,SUEUM,0.25,No,No,Sí,No,Sí,Sí,Sí
CT,FSM,0.0714285714,Sí,Sí,Sí,Sí,Sí,Sí,Sí
CT,SHCBDF,0.0714285714,No,No,No,Sí,No,No,Sí
CT,SME,0.0714285714,No,No,No,Sí,Sí,Sí,Sí
CT,SNTI,0.0714285714,No,No,No,Sí,No,No,Sí
CT,SNTINBAL,0.0714285714,No,No,No,Sí,No,No,Sí
CT,SNTSTC,0.0714285714,No,No,No,Sí,No,No,Sí
CT,STRM,0.0714285714,No,No,No,Sí,Sí,Sí,Sí
CT,STUNAM,0.0714285714,No,No,No,Sí,No,No,Sí
CT,UNT,0.0714285714,No,No,Sí,Sí,Sí,Sí,Sí
CTC,CTM,0.5,Sí,Sí,Sí,Sí,Sí,Sí,Sí
CUL,MAR,3,Sí,Sí,Sí,Sí,No,No,Sí
CUL,STRM,0.3333333333,No,No,No,No,No,No,Sí
CUL,SUEUM,0.3333333333,No,No,Sí,No,Sí,Sí,Sí
CUTM,MUP,0.1428571429,No,No,No,No,No,No,Sí
CUTM,NCT,0.1428571429,Sí,Sí,No,Sí,Sí,Sí,Sí
CUTM,SME,0.1428571429,No,No,Sí,Sí,Sí,Sí,Sí
DDESER,RL,0.3333333333,No,No,No,Sí,Sí,Sí,Sí
DiálogoParlamOax,EDUCA,0.25,No,No,Sí,Sí,Sí,Sí,Sí
DiálogoParlamOax,MULT,0.25,No,No,Sí,No,Sí,Sí,No
D-III-198-INBAL,D-III-20_Bibl,0.2,Sí,Sí,Sí,Sí,Sí,Sí,Sí
D-III-198-INBAL,D-III-239-CENART,0.2,Sí,Sí,Sí,Sí,Sí,Sí,Sí
D-III-198-INBAL,D-III-24_INAH,0.2,Sí,Sí,Sí,Sí,Sí,Sí,Sí
D-III-198-INBAL,SNTE-10,0.2,No,Sí,No,Sí,Sí,Sí,Sí
D-III-20_Bibl,D-III-239-CENART,0.2,Sí,Sí,Sí,Sí,Sí,Sí,Sí
D-III-20_Bibl,D-III-24_INAH,0.2,Sí,Sí,Sí,Sí,Sí,Sí,Sí
D-III-20_Bibl,SNTE-10,0.2,No,Sí,No,Sí,Sí,Sí,Sí
D-III-239-CENART,D-III-24_INAH,0.2,Sí,Sí,Sí,Sí,Sí,Sí,Sí
D-III-239-CENART,SNTE-10,0.2,No,Sí,No,Sí,Sí,Sí,Sí
D-III-24_INAH,SNTE-10,0.2,No,Sí,No,Sí,Sí,Sí,Sí
Diócesis_SnCristóbal,MODEVITE,5,Sí,Sí,Sí,Sí,Sí,Sí,Sí
DMBMT,SNTE-31,0.5,No,Sí,No,Sí,Sí,Sí,Sí
DMBMT,SNTE-55,0.5,No,Sí,No,Sí,Sí,Sí,Sí
EDUCA,MULT,0.25,No,No,Sí,No,Sí,Sí,No
ElCampoEsDeTodos,FICAM,0.125,No,Sí,Sí,No,Sí,Sí,Sí
ElCampoEsDeTodos,FPFV,0.2,No,No,Sí,No,Sí,Sí,No
ElCampoEsDeTodos,RED_OSC,0.125,No,No,Sí,No,Sí,Sí,No
ElCampoEsDeTodos,UFIC,0.2,Sí,Sí,No,Sí,Sí,Sí,Sí
ElCampoEsDeTodos,UGOCP,0.375,No,No,No,Sí,Sí,Sí,No
ElCampoEsDeTodos,UNIMOSS,0.125,No,No,Sí,Sí,Sí,Sí,No
ElCampoEsDeTodos,UNORCA,0.125,No,Sí,Sí,Sí,Sí,Sí,No
EPC,REDIM,0.5,No,No,No,No,No,No,No
EPC,RedSaludAlimentaria,0.5,Sí,Sí,No,Sí,No,No,No
EslabonesPorLaPaz,FPFVI,0.25,No,No,No,No,Sí,Sí,Sí
EslabonesPorLaPaz,¡HastaEncontrarlos!,0.25,Sí,Sí,Sí,Sí,Sí,Sí,Sí
EvoluciónMexicana,Vertebra,0.5,No,No,No,Sí,Sí,Sí,Sí
EvoluciónMexicana,VíaCiudadana,0.5,No,No,Sí,No,Sí,Sí,Sí
FAC,FIOAC,0.65,Sí,Sí,No,Sí,No,No,Sí
FAC,Fundar,0.1666666667,No,No,No,No,No,No,No
FAC,IVC,0.1666666667,Sí,Sí,Sí,Sí,Sí,Sí,Sí
FAC,MST,1.4,Sí,Sí,Sí,Sí,Sí,Sí,Sí
FAC,UGOCM-JL,0.25,Sí,Sí,No,Sí,Sí,Sí,Sí
FAC,UNIMOSS,0.1666666667,No,No,Sí,Sí,Sí,Sí,No
FAC,UNT,0.2,No,No,Sí,Sí,Sí,Sí,Sí
FAC,UNTA,4.0166666667,Sí,Sí,No,Sí,Sí,Sí,No
FALP,FPR,0.25,Sí,Sí,Sí,No,No,No,Sí
FALP,MULT,0.25,No,No,No,No,Sí,Sí,Sí
FAM,SUTPEEPEMOR,0.3333333333,No,No,No,No,Sí,Sí,Sí
FAM,SUTSPJ,0.3333333333,No,No,No,No,Sí,Sí,Sí
FAM,SUTSPLEM,0.3333333333,No,No,No,No,Sí,Sí,Sí
FAO-MSX,Fundar,0.1428571429,No,No,No,Sí,Sí,No,No
FAO-MSX,MovContraEspSilver,0.1428571429,Sí,Sí,Sí,Sí,Sí,No,Sí
FAO-MSX,MovPuebMorelos,0.1428571429,Sí,Sí,No,Sí,Sí,No,Sí
FAO-MSX,ProSL_Ecológico,0.1428571429,No,No,No,Sí,Sí,Sí,Sí
FASU,SDITSTC,0.1428571429,No,No,No,Sí,No,No,Sí
FASU,Stacobach,0.1428571429,No,No,No,Sí,Sí,Sí,Sí
FASU,STRM,0.628968254,No,No,No,Sí,Sí,Sí,Sí
FASU,STUACH,0.125,No,No,No,Sí,No,No,Sí
FASU,STUNAM,0.628968254,No,No,No,Sí,No,No,Sí
FASU,SUTIN,0.25,No,No,No,Sí,No,No,Sí
FASU,UNT,0.878968254,Sí,Sí,Sí,Sí,Sí,Sí,Sí
FAT,FP RO,0.2,Sí,Sí,No,No,No,No,Sí
FAT,FteCívicoTeotihuacán,0.2,No,No,Sí,No,No,No,Sí
FAT,SAINAH,0.2,No,No,No,Sí,Sí,Sí,Sí
FAT,SME,0.25,No,No,No,Sí,Sí,Sí,Sí
FAT,SNTMMSSRM,0.25,No,No,No,Sí,Sí,Sí,Sí
FAT,UFCW,0.25,No,No,No,Sí,No,No,Sí
FAT,UNT,0.25,Sí,Sí,Sí,Sí,Sí,Sí,Sí
FCSxM,SITCBEM,0.65,No,No,No,No,Sí,Sí,Sí
FCSxM,STASPE,0.9833333333,No,No,No,No,Sí,Sí,Sí
FCSxM,SUEUM,1.2333333333,No,No,No,No,Sí,Sí,Sí
FCSxM,SUTCECyTEM,0.25,No,No,No,No,Sí,Sí,Sí
FDAN,SNTSLATSSC_Indep,0.3333333333,Sí,Sí,No,Sí,Sí,Sí,Sí
FDC,MAIZ,0.25,No,Sí,No,Sí,No,No,Sí
FDC,OAN,1.6666666667,Sí,Sí,Sí,Sí,Sí,Sí,No
FDC,UCD,7.1666666667,Sí,Sí,No,Sí,No,No,Sí
FDC,UNTA,0.5,Sí,Sí,No,Sí,No,No,Sí
FDEASER,OPT,0.1428571429,Sí,Sí,No,No,No,No,Sí
FDEASER,SITIAVW,0.1428571429,No,No,Sí,Sí,Sí,Sí,Sí
FDEASER,SME,0.1428571429,No,No,No,Sí,No,No,Sí
FDEASER,STRM,0.1428571429,No,No,No,Sí,No,No,Sí
FDEASER,UNT,0.1428571429,Sí,Sí,No,Sí,No,No,Sí
FDL,¡HastaEncontrarlos!,1,No,No,Sí,Sí,Sí,No,Sí
FDOMEZ-FNLS,MBMH,1,No,No,Sí,No,No,No,Sí
FECSM,MPG,1.5833333333,No,No,No,No,No,No,Sí
FECSM,SME,0.25,No,No,Sí,No,Sí,Sí,Sí
FECSM,STAUAG,1,No,No,No,No,No,No,Sí
FeministasCom,HelechoVerde,0.1111111111,Sí,Sí,Sí,Sí,No,No,Sí
FeministasCom,LunasLesbianas,0.1111111111,No,No,Sí,Sí,No,No,Sí
FeministasCom,NHRC,0.1111111111,No,No,Sí,Sí,No,No,Sí
FeministasCom,OCNF,0.1111111111,No,Sí,No,Sí,No,No,Sí
FeministasCom,Rednes,0.1111111111,Sí,Sí,Sí,Sí,No,No,Sí
FeministasCom,RosasRojas,0.1111111111,Sí,Sí,Sí,Sí,No,No,Sí
FeministasCom,TierraLesbik,0.1111111111,No,No,Sí,Sí,No,No,Sí
FENR-Cd.Juarez,SNTE-42,1,No,Sí,No,No,Sí,Sí,Sí
FICAM,FPDT,0.6666666667,No,No,No,No,No,No,Sí
FICAM,FPFV,0.8095238095,No,No,Sí,No,Sí,Sí,No
FICAM,MAIZ,1.1666666667,No,Sí,Sí,No,Sí,Sí,No
FICAM,MMCRE,0.3333333333,No,No,Sí,No,No,No,Sí
FICAM,OAN,0.2,No,No,No,No,No,No,Sí
FICAM,OCPIHV,0.25,No,No,No,No,No,No,No
FICAM,RED_OSC,0.125,No,No,Sí,No,Sí,Sí,No
FICAM,ResistenciaCivilEE,0.5,No,No,Sí,No,Sí,Sí,Sí
FICAM,SME,0.5,No,No,No,No,Sí,Sí,Sí
FICAM,UCD,0.2,No,No,No,No,Sí,Sí,No
FICAM,UCEN,0.1428571429,No,No,No,No,No,No,Sí
FICAM,UGOCP,0.125,No,No,No,No,Sí,Sí,No
FICAM,UNIMOSS,1.375,No,No,Sí,No,Sí,Sí,No
FICAM,UNITONA,0.3333333333,Sí,Sí,Sí,Sí,No,No,Sí
FICAM,UNORCA,0.125,Sí,Sí,Sí,No,Sí,Sí,No
FICAM,UPREZ,0.3333333333,No,No,No,No,Sí,Sí,Sí
FIOAC,UGOCM-JL,0.25,Sí,Sí,No,Sí,No,No,Sí
FIOAC,UNT,0.2,No,No,No,Sí,No,No,Sí
FIOAC,UNTA,0.45,Sí,Sí,No,Sí,No,No,No
FNF,RedGrovida,1,No,No,No,No,No,No,Sí
FNLS,¡HastaEncontrarlos!,1,No,No,No,No,No,No,Sí
FNLS,OCEZ-CP,2,No,No,No,No,No,No,Sí
FO,MC_Justicia5Jun,0.3333333333,No,No,No,No,Sí,No,Sí
FO,#YoSoy132-CDMX,0.3333333333,No,No,No,No,Sí,No,Sí
FOCTEO,FPR,0.3333333333,No,No,Sí,No,No,No,Sí
FOCTEO,OPIZ,0.3333333333,No,No,No,No,Sí,Sí,Sí
FODEG,MPG,0.5333333333,Sí,Sí,Sí,Sí,Sí,Sí,Sí
FODEG,SUSPEG,0.2,No,No,No,No,Sí,Sí,Sí
FODEG,SUTCOBACH-Gro,0.2,No,No,No,No,Sí,No,Sí
FPDT,LIMEDDH,0.25,No,No,Sí,Sí,No,No,Sí
FPDT,MMCRE,0.3333333333,No,No,No,No,No,No,Sí
FPDT,SME,1.8333333333,No,No,No,No,No,No,Sí
FPDT,UNITONA,0.3333333333,No,No,No,No,No,No,Sí
FPDT,UnSaltoVida,0.3333333333,No,No,Sí,Sí,No,No,Sí
FPDT,UPREZ,0.3333333333,Sí,Sí,No,No,No,No,Sí
FPDT,#YoSoy132-CDMX,0.75,No,No,No,Sí,No,No,Sí
FPDTA-MPT,MPG,0.3333333333,No,No,No,Sí,No,No,Sí
FPDTA-MPT,#YoSoy132-Pue,0.3333333333,No,No,No,Sí,No,No,Sí
FPFV,IPLP,0.25,No,No,No,No,No,No,No
FPFV,MAIZ,0.6666666667,No,No,Sí,No,Sí,Sí,Sí
FPFV,MBMH,0.5,No,No,No,No,No,No,No
FPFV,MMSC,0.25,No,No,No,No,No,No,No
FPFV,MujeresParaElDiálogo,0.25,No,No,No,No,Sí,Sí,No
FPFV,OE,0.25,No,No,Sí,No,No,No,No
FPFV,SME,0.25,No,No,No,No,Sí,Sí,No
FPFV,SNTE-15,0.5,No,No,No,No,No,No,No
FPFV,SNTE-24,0.5,No,No,No,No,No,No,No
FPFV,SNTMMSSRM,0.25,No,No,No,No,Sí,Sí,No
FPFV,STAENEQ,0.5,No,No,No,No,No,No,No
FPFV,STINCA,0.3333333333,No,No,No,No,No,No,No
FPFV,STRM,0.25,No,No,No,No,Sí,Sí,No
FPFV,UCEN,0.1428571429,No,No,No,No,No,No,No
FPFV,UFIC,0.2,No,No,No,No,Sí,Sí,No
FPFVI,FP RO,0.3333333333,No,No,No,No,Sí,Sí,Sí
FPFVI,¡HastaEncontrarlos!,0.25,No,No,No,No,Sí,Sí,Sí
FPFVI,PPS,0.3333333333,No,No,No,Sí,No,No,No
FPFVI,RRAA,0.5,No,No,Sí,No,No,No,Sí
FPLZ,FSSP,0.5,Sí,Sí,Sí,No,Sí,Sí,No
FPLZ,MDM-Zac,0.5,No,No,No,No,Sí,Sí,No
FPLZ,SNTE-58,0.2,No,No,No,No,Sí,Sí,No
FPLZ,SPAUAZ,0.2,No,No,No,No,Sí,Sí,No
FPLZ,STRM,0.2,No,No,No,No,No,No,No
FPLZ,#YoSoy132-Zac,0.5,No,No,No,Sí,Sí,Sí,No
FPR,FUL-APPO,0.5,Sí,Sí,Sí,No,No,No,Sí
FPR,FUSION,0.5,No,No,Sí,Sí,No,No,Sí
FPR,MMB,0.25,No,No,Sí,Sí,No,No,Sí
FPR,MULT,0.25,No,No,No,No,No,No,Sí
FPR,OPIZ,0.3333333333,No,No,No,No,No,No,Sí
FPR,PcdeM,0.25,No,No,No,No,Sí,Sí,Sí
FPR,SME,0.25,No,No,No,Sí,Sí,Sí,Sí
FPR,UACOL,0.5,No,No,No,No,No,No,Sí
FP RO,FteCívicoTeotihuacán,0.2,No,No,No,No,Sí,No,Sí
FP RO,PPS,0.3333333333,No,No,No,No,No,No,No
FP RO,SAINAH,0.2,No,No,No,No,No,No,Sí
Frayba,¡HastaEncontrarlos!,0.125,No,No,Sí,Sí,Sí,No,Sí
FSM,SDITSTC,0.0625,No,No,No,Sí,No,No,Sí
FSM,SHCBDF,0.0714285714,No,No,No,Sí,No,No,Sí
FSM,SITUAM,0.1111111111,No,No,No,Sí,No,No,Sí
FSM,SME,0.4339285714,No,No,No,Sí,Sí,Sí,Sí
FSM,SNTCPFISC,0.1111111111,No,No,No,Sí,Sí,Sí,Sí
FSM,SNTI,0.0714285714,No,No,No,Sí,No,No,Sí
FSM,SNTINBAL,0.1714285714,No,No,No,Sí,No,No,Sí
FSM,SNTMMSSRM,0.0625,No,No,No,Sí,Sí,Sí,Sí
FSM,SNTSS,0.1111111111,No,No,No,Sí,Sí,Sí,Sí
FSM,SNTSTC,0.0714285714,No,No,No,Sí,No,No,Sí
FSM,SNTTTASS,0.1,No,No,No,Sí,No,No,Sí
FSM,STRM,0.3450396825,No,No,No,Sí,Sí,Sí,Sí
FSM,STUNAM,0.4339285714,No,No,No,Sí,No,No,Sí
FSM,SUTCOBACH-Gro,0.0625,No,No,No,Sí,No,No,Sí
FSM,SUTCONALEP,0.0625,No,No,No,Sí,Sí,Sí,Sí
FSM,SUTIEMS,0.1111111111,No,No,No,Sí,No,No,Sí
FSM,SUTIN,0.0625,No,No,No,Sí,No,No,Sí
FSM,UJM,0.1111111111,No,No,No,No,No,No,Sí
FSM,UniónPobTierra&Lib,0.0625,No,No,No,No,No,No,Sí
FSM,UNT,0.4339285714,No,No,Sí,Sí,Sí,Sí,Sí
FSM,UNTA,0.1,No,No,No,Sí,Sí,Sí,No
FSM,UPREZ,0.0625,No,No,No,No,Sí,Sí,Sí
FSM,#YoSoy132-CDMX,0.1,No,No,No,No,No,No,Sí
FSPLI,RedesUniv,1,No,No,Sí,No,Sí,Sí,Sí
FSSP,#YoSoy132-Zac,0.5,No,No,No,No,Sí,Sí,Sí
FteCívicoTeotihuacán,SAINAH,0.2,No,No,No,No,No,No,Sí
FteContraGpoMex,SNTMMSSRM-65,1,No,No,Sí,No,Sí,Sí,Sí
FUERSA,FUNPEG,0.2,No,No,No,No,Sí,Sí,Sí
FUERSA,SME,0.2,Sí,Sí,No,Sí,No,No,Sí
FUERSA,SUSPEG,0.2,Sí,Sí,No,Sí,Sí,Sí,Sí
FUL-APPO,UACOL,0.5,No,No,No,No,Sí,Sí,Sí
Fundar,IVC,0.1666666667,No,No,No,No,No,No,No
Fundar,MovContraEspSilver,0.1428571429,No,No,No,Sí,Sí,No,No
Fundar,MovPuebMorelos,0.1428571429,No,No,Sí,Sí,Sí,No,No
Fundar,ProSL_Ecológico,0.1428571429,No,No,Sí,Sí,Sí,No,No
Fundar,UNTA,0.1666666667,No,No,No,No,No,No,Sí
FUNPEG,MPG,1.8333333333,No,No,No,No,Sí,Sí,Sí
FUNPEG,SME,0.2,No,No,Sí,No,No,No,Sí
FUNPEG,SUSPEG,4.2,No,No,Sí,No,Sí,Sí,Sí
GEA,GPM,0.25,No,Sí,No,Sí,No,No,No
GEA,MAIZ,0.25,No,No,No,No,No,No,Sí
GEA,SemillasDeVida,0.25,Sí,Sí,Sí,Sí,Sí,Sí,Sí
GPM,MAIZ,0.25,No,No,No,No,Sí,Sí,No
GPM,SemillasDeVida,0.25,No,Sí,No,Sí,No,No,No
¡HastaEncontrarlos!,MULT,0.7,No,No,Sí,No,Sí,No,Sí
¡HastaEncontrarlos!,REDDH,0.2,No,No,Sí,Sí,Sí,No,Sí
HelechoVerde,LunasLesbianas,0.1111111111,No,No,Sí,Sí,Sí,No,Sí
HelechoVerde,NHRC,0.1111111111,No,No,Sí,Sí,Sí,No,Sí
HelechoVerde,OCNF,0.1111111111,No,Sí,No,Sí,No,No,Sí
HelechoVerde,Rednes,0.1111111111,Sí,Sí,Sí,Sí,Sí,Sí,Sí
HelechoVerde,RosasRojas,0.1111111111,Sí,Sí,Sí,Sí,Sí,Sí,Sí
HelechoVerde,TierraLesbik,0.1111111111,No,No,Sí,Sí,Sí,Sí,Sí
HIJOS-Mex,MPJD,0.3333333333,Sí,Sí,Sí,Sí,No,No,Sí
IPLP,MMSC,0.25,No,No,Sí,No,Sí,Sí,Sí
IPLP,MujeresParaElDiálogo,0.25,No,No,No,No,No,No,Sí
IPLP,OE,0.25,No,Sí,No,Sí,Sí,Sí,Sí
IVC,UNTA,0.1666666667,Sí,Sí,No,Sí,Sí,Sí,No
JudíosPalestina,MMSP,0.2,Sí,Sí,No,Sí,No,No,Sí
JudíosPalestina,SME,0.2,No,No,No,No,No,No,Sí
JudíosPalestina,UNTyPP,0.2,No,No,No,No,No,No,Sí
LasAbejas,PUDEE,1,No,No,No,No,Sí,Sí,Sí
LIMEDDH,#YoSoy132-CDMX,0.25,No,No,No,Sí,No,No,Sí
LunasLesbianas,NHRC,0.1111111111,No,No,Sí,Sí,Sí,No,Sí
LunasLesbianas,OCNF,0.1111111111,No,Sí,No,Sí,No,No,Sí
LunasLesbianas,Rednes,0.1111111111,No,No,Sí,Sí,Sí,No,Sí
LunasLesbianas,RosasRojas,0.1111111111,No,No,Sí,Sí,Sí,No,Sí
LunasLesbianas,TierraLesbik,0.1111111111,Sí,Sí,Sí,Sí,Sí,No,Sí
LUS,OFPC,0.3333333333,No,No,No,No,No,No,Sí
LUS,ProSL_Ecológico,0.3333333333,No,No,No,No,No,No,Sí
MAES,MENA,1.5,Sí,Sí,Sí,Sí,Sí,Sí,Sí
MAIZ,SemillasDeVida,0.25,No,No,No,No,No,No,Sí
MAO-LN,MOCRI-CNPA-MN,1,No,No,Sí,No,Sí,Sí,Sí
MAS,MORENA,0.1666666667,No,No,No,Sí,No,No,Sí
MAS,MovLosDeAbajo-Pue,0.1666666667,No,No,Sí,Sí,Sí,Sí,Sí
MAS,STRM,0.1666666667,No,No,No,No,No,No,Sí
MBMH,SNTE-15,0.5,No,Sí,No,Sí,Sí,Sí,Sí
MBMT,MMT,0.5,Sí,Sí,Sí,Sí,Sí,Sí,Sí
MBMT,SNTE-31,1,No,Sí,No,Sí,Sí,Sí,Sí
MC_Justicia5Jun,#YoSoy132-CDMX,0.3333333333,No,No,No,Sí,Sí,No,Sí
MDM-Edomex,UPREZ,0.3333333333,No,No,Sí,No,No,No,Sí
MENA,SNTISSSTE,0.25,No,No,No,No,No,No,Sí
MENA,SNTSA,0.25,No,No,No,No,No,No,Sí
MENA,SNTSS,0.25,No,No,No,No,No,No,Sí
METAB,MovMexDespierta,0.5,No,No,Sí,Sí,Sí,Sí,Sí
MIOCUP-CNPA-MN,MovLosDeAbajo-Pue,0.3333333333,No,No,Sí,No,Sí,Sí,Sí
MIOCUP-CNPA-MN,RITA,0.125,No,Sí,Sí,Sí,No,No,Sí
MIOCUP-CNPA-MN,SEDEPAC-Cuetzalan,0.125,No,No,Sí,No,Sí,No,Sí
MIOCUP-CNPA-MN,SITBUAP,0.3333333333,No,No,Sí,No,Sí,Sí,Sí
MIOCUP-CNPA-MN,Tetela,0.125,No,Sí,Sí,Sí,Sí,Sí,Sí
MIOCUP-CNPA-MN,UFIC,0.125,No,No,No,No,No,No,Sí
MIOCUP-CNPA-MN,UPVA 28 Oct,0.3333333333,No,No,Sí,No,Sí,Sí,Sí
M_LosSinTecho,SEHI,1,No,No,Sí,No,Sí,Sí,Sí
MMB,PcdeM,0.25,No,No,No,No,No,No,Sí
MMB,SME,0.25,No,No,No,Sí,No,No,Sí
MMCRE,SMSEM,0.3333333333,No,Sí,No,Sí,Sí,Sí,Sí
MMCRE,SNTE-17,0.3333333333,No,Sí,No,Sí,Sí,Sí,Sí
MMCRE,UNITONA,0.3333333333,No,No,Sí,No,Sí,No,Sí
MMSC,MujeresParaElDiálogo,0.25,No,No,No,Sí,No,No,Sí
MMSC,OE,0.25,No,No,No,No,Sí,Sí,Sí
MMSP,SME,0.2,No,No,No,No,No,No,Sí
MMSP,UNTyPP,0.2,No,No,No,No,No,No,Sí
MORENA,MovLosDeAbajo-Pue,0.1666666667,Sí,Sí,No,Sí,No,No,Sí
MORENA,STRM,0.1666666667,No,No,Sí,No,Sí,Sí,Sí
MovContraEspSilver,MovPuebMorelos,0.1428571429,Sí,Sí,No,Sí,Sí,Sí,Sí
MovContraEspSilver,ProSL_Ecológico,0.1428571429,No,No,No,Sí,Sí,No,Sí
MovidasxEncontrarlas,OCNF,0.3333333333,No,No,No,Sí,No,No,Sí
MovidasxEncontrarlas,SolidaridadxFam,0.3333333333,Sí,Sí,Sí,Sí,Sí,Sí,Sí
MovLosDeAbajo-Pue,STRM,0.1666666667,No,No,No,No,No,No,Sí
MovLosDeAbajo-Pue,UPVA 28 Oct,0.3333333333,No,No,Sí,Sí,Sí,Sí,Sí
MovMujeresIzq,MUP,0.125,No,No,No,No,No,No,Sí
MovMujeresIzq,SME,0.125,No,No,No,No,Sí,Sí,Sí
MovMujeresIzq,STUACH,0.125,No,No,Sí,No,No,No,Sí
MovMujeresIzq,STUNAM,0.125,No,No,Sí,No,No,No,Sí
MovMujeresIzq,SUTIN,0.125,No,No,Sí,No,No,No,Sí
MovPuebMorelos,ProSL_Ecológico,0.1428571429,No,No,Sí,Sí,Sí,No,Sí
MPG,SME,0.25,No,No,No,No,No,No,Sí
MPG,STTAISUAG,0.5,No,No,No,No,Sí,Sí,Sí
MPG,SUSPEG,0.45,No,No,No,No,Sí,Sí,Sí
MPG,SUTCOBACH-Gro,0.7,No,No,No,No,Sí,No,Sí
MPG,UNT,1,Sí,Sí,Sí,No,No,No,Sí
MPG,UPOEG,0.5,No,No,No,No,Sí,Sí,Sí
MPG,#YoSoy132-Pue,0.3333333333,No,No,No,Sí,Sí,No,Sí
MPJD,SUSPEG,0.5,No,No,No,No,Sí,No,Sí
MRM_Renovación,#YoSoy132-SLP,1,No,No,Sí,No,No,No,Sí
MRM_Resistencia,SNTE-2,1,No,Sí,No,Sí,Sí,Sí,Sí
MSC,SNTE-3,1,No,Sí,No,Sí,Sí,Sí,Sí
MST,UNTA,1.4,Sí,Sí,No,Sí,Sí,Sí,No
MujeresEnAcción,VoluntariosxLapaz,0.2,No,No,Sí,Sí,Sí,Sí,Sí
MujeresParaElDiálogo,OE,0.25,No,No,No,No,No,No,Sí
MULT,REDDH,0.2,No,No,Sí,No,Sí,No,Sí
MUP,NCT,0.1428571429,No,No,Sí,No,No,No,Sí
MUP,SME,0.2678571429,No,No,No,No,No,No,Sí
MUP,STUACH,0.125,No,No,No,No,Sí,No,Sí
MUP,STUNAM,0.125,No,No,No,No,Sí,Sí,Sí
MUP,SUTIN,0.125,No,No,No,No,Sí,Sí,Sí
NCT,SITIMTA,0.3333333333,No,No,No,Sí,No,No,Sí
NCT,SME,0.1428571429,No,No,No,Sí,Sí,Sí,Sí
NCT,SUTIEMS,0.3333333333,No,No,No,Sí,No,No,Sí
NCT,UNT,0.3333333333,No,No,Sí,Sí,Sí,Sí,Sí
NHRC,OCNF,0.1111111111,No,No,No,Sí,No,No,Sí
NHRC,Pan&Rosas,0.5,No,No,Sí,Sí,No,No,Sí
NHRC,Rednes,0.1111111111,No,No,Sí,Sí,Sí,No,Sí
NHRC,RosasRojas,0.1111111111,No,No,Sí,Sí,Sí,No,Sí
NHRC,TierraLesbik,0.1111111111,No,No,Sí,Sí,Sí,No,Sí
NPZ,SME,0.3333333333,No,No,No,No,No,No,Sí
OAN,UCD,1.8666666667,Sí,Sí,No,Sí,No,No,No
OCEZ-DI,ONPP,1,No,No,Sí,No,Sí,Sí,Sí
OCNF,REDIM,0.3333333333,No,No,Sí,Sí,Sí,Sí,Sí
OCNF,Rednes,0.1111111111,No,Sí,No,Sí,No,No,Sí
OCNF,Red_TDT,0.3333333333,No,Sí,Sí,Sí,Sí,Sí,Sí
OCNF,RosasRojas,0.1111111111,No,Sí,No,Sí,No,No,Sí
OCNF,SolidaridadxFam,0.3333333333,No,No,No,Sí,No,No,Sí
OCNF,TierraLesbik,0.1111111111,No,Sí,No,Sí,No,No,Sí
OCPIHV,UNIMOSS,0.25,No,No,No,Sí,No,No,Sí
OFPC,ProSL_Ecológico,0.3333333333,No,No,Sí,Sí,Sí,No,Sí
OIIA,OIT,0.2,Sí,Sí,Sí,Sí,Sí,Sí,Sí
OIIA,REMA,0.2,No,No,No,No,No,No,Sí
OIIA,Tetela,0.2,No,Sí,Sí,Sí,Sí,Sí,Sí
OIIA,UNITONA,0.2,No,Sí,No,Sí,Sí,Sí,Sí
OIT,REMA,0.2,No,No,No,No,No,No,Sí
OIT,Tetela,0.2,No,Sí,Sí,Sí,Sí,Sí,Sí
OIT,UNITONA,0.2,No,Sí,No,Sí,Sí,Sí,Sí
OPT,SITIAVW,0.1428571429,No,No,No,No,No,No,Sí
OPT,SME,0.1428571429,No,No,No,No,Sí,Sí,Sí
OPT,STRM,0.1428571429,No,No,No,No,Sí,Sí,Sí
OPT,UNT,0.1428571429,Sí,Sí,Sí,No,Sí,Sí,Sí
PcdeM,SME,0.25,No,No,Sí,No,Sí,Sí,Sí
PRODESC,SNTMMSSRM,1,No,No,No,No,Sí,Sí,Sí
ProductoresUnidos,UCD,1,No,No,No,Sí,No,No,No
REDIM,RedSaludAlimentaria,0.5,No,No,Sí,No,Sí,Sí,Sí
REDIM,Red_TDT,0.3333333333,No,No,Sí,Sí,Sí,Sí,Sí
Rednes,RosasRojas,0.1111111111,Sí,Sí,Sí,Sí,Sí,Sí,Sí
Rednes,TierraLesbik,0.1111111111,No,No,Sí,Sí,Sí,Sí,Sí
RED_OSC,UGOCP,0.125,Sí,Sí,No,No,Sí,Sí,Sí
RED_OSC,UNIMOSS,0.125,No,No,Sí,No,Sí,Sí,Sí
RED_OSC,UNORCA,0.125,No,No,Sí,No,Sí,Sí,Sí
REMA,Tetela,0.2,No,No,No,No,No,No,Sí
REMA,UNITONA,0.2,No,No,Sí,No,No,No,Sí
ResISSSTE,SNTE-42,1,No,No,No,Sí,Sí,Sí,Sí
ResISSSTE,SNTE-8,1,No,No,No,Sí,Sí,Sí,Sí
Resissstencia,SNTE-2,0.3333333333,No,Sí,No,Sí,Sí,Sí,Sí
Resissstencia,SNTE-37,0.3333333333,No,Sí,No,Sí,Sí,Sí,Sí
ResistenciaCivilEE,SME,1,No,No,No,No,Sí,Sí,Sí
RITA,SEDEPAC-Cuetzalan,0.125,No,No,Sí,No,No,No,Sí
RITA,Tetela,0.125,No,Sí,Sí,Sí,No,No,Sí
RITA,UFIC,0.125,No,Sí,No,No,Sí,Sí,Sí
RosasRojas,TierraLesbik,0.1111111111,No,No,Sí,Sí,Sí,Sí,Sí
SDITSTC,SME,0.0625,Sí,Sí,No,Sí,No,No,Sí
SDITSTC,SNTMMSSRM,0.0625,No,No,No,Sí,No,No,Sí
SDITSTC,Stacobach,0.1428571429,No,Sí,No,Sí,No,No,Sí
SDITSTC,STRM,0.2053571429,No,No,No,Sí,No,No,Sí
SDITSTC,STUNAM,0.2053571429,No,Sí,Sí,Sí,Sí,Sí,Sí
SDITSTC,SUTCOBACH-Gro,0.0625,No,Sí,No,Sí,Sí,No,Sí
SDITSTC,SUTCONALEP,0.0625,No,Sí,No,Sí,No,No,Sí
SDITSTC,SUTIN,0.0625,Sí,Sí,Sí,Sí,Sí,Sí,Sí
SDITSTC,UniónPobTierra&Lib,0.0625,No,No,Sí,No,Sí,Sí,Sí
SDITSTC,UNT,0.2053571429,No,No,No,Sí,No,No,Sí
SDITSTC,UPREZ,0.0625,No,No,No,No,No,No,Sí
SEDEPAC-Cuetzalan,Tetela,0.125,No,No,Sí,No,Sí,No,Sí
SEDEPAC-Cuetzalan,UFIC,0.125,No,No,No,No,No,No,Sí
SETE_BC,SNTE-2,1,Sí,Sí,Sí,Sí,Sí,Sí,Sí
SETE_BC,SNTE-37,2,Sí,Sí,Sí,Sí,Sí,Sí,Sí
SHCBDF,SME,0.0714285714,No,No,No,Sí,No,No,Sí
SHCBDF,SNTI,0.0714285714,No,No,Sí,Sí,Sí,Sí,Sí
SHCBDF,SNTINBAL,0.0714285714,No,No,Sí,Sí,Sí,Sí,Sí
SHCBDF,SNTSTC,0.0714285714,No,No,Sí,Sí,Sí,Sí,Sí
SHCBDF,STRM,0.0714285714,No,No,No,Sí,No,No,Sí
SHCBDF,STUNAM,0.0714285714,No,No,Sí,Sí,Sí,Sí,Sí
SHCBDF,UNT,0.0714285714,No,No,No,Sí,No,No,Sí
Sind_7_de_Mayo,Sind_Martires1910,0.5,No,Sí,Sí,Sí,Sí,No,Sí
Sind_7_de_Mayo,SNTE-55,1.5,No,Sí,No,Sí,Sí,Sí,Sí
SindHeliodoroCC,SindHnosFM,0.3333333333,No,No,Sí,Sí,Sí,Sí,Sí
SindHeliodoroCC,UnionMat&Chof_Istmo,0.3333333333,No,Sí,Sí,No,Sí,Sí,Sí
SindHnosFM,UnionMat&Chof_Istmo,0.3333333333,No,No,Sí,No,Sí,Sí,Sí
Sind_Martires1910,SNTE-55,0.5,Sí,Sí,No,Sí,Sí,No,Sí
SinMaízNoHayPaís,VO,0.5,No,No,No,Sí,No,No,Sí
SinMaízNoHayPaís,#YoSoy132-CDMX,0.5,No,No,No,Sí,No,No,Sí
SITACH,SUSPEG-14,1,Sí,Sí,Sí,Sí,Sí,Sí,Sí
SITAUAEM,STAUAEM,1,Sí,Sí,Sí,Sí,Sí,Sí,Sí
SITCBEM,STASPE,0.65,No,Sí,No,Sí,Sí,Sí,Sí
SITCBEM,SUEUM,0.4,Sí,Sí,No,Sí,Sí,Sí,Sí
SITCBEM,SUTCECyTEM,0.25,Sí,Sí,No,Sí,Sí,Sí,Sí
SITEM,SITEQROO,0.5,Sí,Sí,Sí,Sí,No,No,Sí
SITEM,SITET,0.5,Sí,Sí,Sí,Sí,No,No,Sí
SITEM,SNTE,0.5,Sí,Sí,Sí,Sí,Sí,Sí,Sí
SITEM,SNTE-25,0.5,Sí,Sí,Sí,Sí,No,No,Sí
SITEQROO,SNTE-25,0.5,Sí,Sí,Sí,Sí,Sí,Sí,Sí
SITET,SNTE,0.5,Sí,Sí,Sí,Sí,No,No,Sí
SITET,SNTE-29,2,Sí,Sí,Sí,Sí,Sí,Sí,Sí
SITIAVW,SME,0.1428571429,No,No,No,Sí,No,No,Sí
SITIAVW,STRM,0.1428571429,Sí,Sí,No,Sí,No,No,Sí
SITIAVW,UNT,0.1428571429,No,No,No,Sí,No,No,Sí
SITIMTA,SUTIEMS,0.3333333333,No,Sí,Sí,Sí,Sí,No,Sí
SITIMTA,UNT,0.3333333333,No,No,No,Sí,No,No,Sí
SITUAM,SME,0.2,No,Sí,No,Sí,No,No,Sí
SITUAM,SNTCPFISC,0.1111111111,No,Sí,No,Sí,No,No,Sí
SITUAM,SNTSS,0.1111111111,No,Sí,No,Sí,No,No,Sí
SITUAM,STRM,0.1111111111,No,No,No,Sí,No,No,Sí
SITUAM,STUACH,0.2,Sí,Sí,Sí,Sí,Sí,No,Sí
SITUAM,STUAdeG,0.2,Sí,Sí,Sí,Sí,Sí,No,Sí
SITUAM,STUIA,0.2,No,Sí,Sí,Sí,Sí,Sí,Sí
SITUAM,SUTIEMS,0.1111111111,Sí,Sí,Sí,Sí,Sí,Sí,Sí
SITUAM,SUTUC,0.2,Sí,Sí,Sí,Sí,Sí,No,Sí
SITUAM,UJM,0.1111111111,No,No,Sí,No,Sí,Sí,Sí
SME,SNTI,0.0714285714,Sí,Sí,No,Sí,No,No,Sí
SME,SNTINBAL,0.1714285714,Sí,Sí,No,Sí,No,No,Sí
SME,SNTMMSSRM,1.5625,No,No,Sí,Sí,Sí,Sí,Sí
SME,SNTSTC,0.0714285714,Sí,Sí,No,Sí,No,No,Sí
SME,SNTTTASS,0.35,No,No,Sí,Sí,No,No,Sí
SME,STRM,1.5267857143,No,No,Sí,Sí,Sí,Sí,Sí
SME,STUACH,0.325,No,Sí,No,Sí,No,No,Sí
SME,STUAdeG,0.2,No,Sí,No,Sí,No,No,Sí
SME,STUIA,0.2,No,No,No,Sí,No,No,Sí
SME,STUNAM,1.4589285714,No,Sí,No,Sí,No,No,Sí
SME,SUSPEG,0.2,Sí,Sí,Sí,Sí,No,No,Sí
SME,SUTCOBACH-Gro,0.0625,No,Sí,Sí,Sí,No,No,Sí
SME,SUTCONALEP,0.0625,No,Sí,Sí,Sí,Sí,Sí,Sí
SME,SUTIEMS,0.3333333333,No,Sí,No,Sí,No,No,Sí
SME,SUTIN,0.1875,Sí,Sí,No,Sí,No,No,Sí
SME,SUTUC,0.2,No,Sí,No,Sí,No,No,Sí
SME,UFCW,0.25,No,No,Sí,Sí,No,No,Sí
SME,UniónPobTierra&Lib,0.0625,No,No,No,No,No,No,Sí
SME,UNT,1.0267857143,No,No,No,Sí,Sí,Sí,Sí
SME,UNTA,0.1,No,No,Sí,Sí,Sí,Sí,No
SME,UNTyPP,0.2,No,Sí,Sí,Sí,Sí,Sí,Sí
SME,UPREZ,0.0625,No,No,Sí,No,Sí,Sí,Sí
SME,UPRN,0.6666666667,No,No,No,Sí,Sí,Sí,Sí
SME,#YoSoy132-CDMX,0.8,No,No,Sí,No,No,No,Sí
SMSEM,SNTE-17,1.3333333333,Sí,Sí,Sí,Sí,Sí,Sí,Sí
SNTCPFISC,SNTSS,0.1111111111,Sí,Sí,Sí,Sí,Sí,Sí,Sí
SNTCPFISC,STRM,0.1111111111,No,No,Sí,Sí,Sí,Sí,Sí
SNTCPFISC,SUTIEMS,0.1111111111,No,Sí,No,Sí,No,No,Sí
SNTCPFISC,UJM,0.1111111111,No,No,No,No,No,No,Sí
SNTE-13,SNTE-15,0.125,Sí,Sí,Sí,Sí,Sí,No,Sí
SNTE-13,SNTE-16,0.1428571429,Sí,Sí,Sí,Sí,Sí,No,Sí
SNTE-13,SNTE-31,0.125,Sí,Sí,Sí,Sí,Sí,No,Sí
SNTE-13,SNTE-45,2,Sí,Sí,Sí,Sí,Sí,Sí,Sí
SNTE-15,SNTE-31,0.125,Sí,Sí,Sí,Sí,Sí,No,Sí
SNTE-16,SNTE-21,0.125,Sí,Sí,Sí,Sí,Sí,No,Sí
SNTE-16,SNTE-24,0.125,Sí,Sí,Sí,Sí,Sí,No,Sí
SNTE-16,SNTE-25,0.125,Sí,Sí,Sí,Sí,Sí,No,Sí
SNTE-2,SNTE-37,2.3333333333,Sí,Sí,Sí,Sí,Sí,Sí,Sí
SNTE-20,SNTE-49,1,Sí,Sí,Sí,Sí,Sí,Sí,Sí
SNTE-20,SUTSEM,1,No,Sí,Sí,Sí,Sí,Sí,Sí
SNTE-21,SNTE-24,0.125,Sí,Sí,Sí,Sí,Sí,No,Sí
SNTE-21,SNTE-25,0.125,Sí,Sí,Sí,Sí,Sí,No,Sí
SNTE-21,SNTE-50,4.5,Sí,Sí,Sí,Sí,Sí,Sí,Sí
SNTE-24,SNTE-25,0.125,Sí,Sí,Sí,Sí,Sí,No,Sí
SNTE-24,STAENEQ,0.5,Sí,Sí,No,Sí,Sí,Sí,Sí
SNTE-28,SNTE-54,2,Sí,Sí,Sí,Sí,Sí,Sí,Sí
SNTE-31,SNTE-55,0.5,Sí,Sí,Sí,Sí,Sí,Sí,Sí
SNTE-33,SNTE-57,2.5,Sí,Sí,Sí,Sí,Sí,Sí,Sí
SNTE-35,SNTE-38,1,Sí,Sí,Sí,Sí,Sí,Sí,Sí
SNTE-35,SNTE-44,1,Sí,Sí,Sí,Sí,Sí,No,Sí
SNTE-35,SNTE-5,1,Sí,Sí,Sí,Sí,Sí,Sí,Sí
SNTE-38,SNTE-5,1,Sí,Sí,Sí,Sí,Sí,Sí,Sí
SNTE-4,SNTE-56,0.1428571429,Sí,Sí,Sí,Sí,Sí,No,Sí
SNTE-42,SNTE-8,11,Sí,Sí,Sí,Sí,Sí,Sí,Sí
SNTE-58,SPAUAZ,0.2,Sí,Sí,No,Sí,Sí,Sí,Sí
SNTE-58,STRM,0.2,No,No,Sí,Sí,No,No,Sí
SNTI,SNTINBAL,0.0714285714,Sí,Sí,Sí,Sí,Sí,Sí,Sí
SNTI,SNTSTC,0.0714285714,Sí,Sí,Sí,Sí,Sí,Sí,Sí
SNTI,STRM,0.0714285714,No,No,No,Sí,No,No,Sí
SNTI,STUNAM,0.0714285714,No,Sí,Sí,Sí,Sí,Sí,Sí
SNTI,UNT,0.0714285714,No,No,No,Sí,No,No,Sí
SNTINBAL,SNTSTC,0.0714285714,Sí,Sí,Sí,Sí,Sí,Sí,Sí
SNTINBAL,SNTTTASS,0.1,No,No,No,Sí,Sí,Sí,Sí
SNTINBAL,STRM,0.1714285714,No,No,No,Sí,No,No,Sí
SNTINBAL,STUNAM,0.1714285714,No,Sí,Sí,Sí,Sí,Sí,Sí
SNTINBAL,UNT,0.1714285714,No,No,No,Sí,No,No,Sí
SNTINBAL,UNTA,0.1,No,No,No,Sí,No,No,No
SNTINBAL,#YoSoy132-CDMX,0.1,No,No,No,No,Sí,Sí,Sí
SNTISSSTE,SNTSA,0.25,Sí,Sí,Sí,Sí,Sí,Sí,Sí
SNTISSSTE,SNTSS,0.25,Sí,Sí,Sí,Sí,Sí,Sí,Sí
SNTMMSSRM,STRM,0.3125,No,Sí,Sí,Sí,Sí,Sí,Sí
SNTMMSSRM,STUNAM,0.0625,No,No,No,Sí,No,No,Sí
SNTMMSSRM,SUTCOBACH-Gro,0.0625,No,No,Sí,Sí,No,No,Sí
SNTMMSSRM,SUTCONALEP,0.0625,No,No,Sí,Sí,Sí,Sí,Sí
SNTMMSSRM,SUTIN,0.0625,No,No,No,Sí,No,No,Sí
SNTMMSSRM,UFCW,0.25,No,No,Sí,Sí,No,No,Sí
SNTMMSSRM,UniónPobTierra&Lib,0.0625,No,No,No,No,No,No,Sí
SNTMMSSRM,UNT,0.3125,No,No,No,Sí,Sí,Sí,Sí
SNTMMSSRM,UPREZ,0.0625,No,No,Sí,No,Sí,Sí,Sí
SNTMMSSRM-150,SNTMMSSRM-234,1,Sí,Sí,Sí,Sí,Sí,Sí,Sí
SNTSA,SNTSS,0.25,Sí,Sí,Sí,Sí,Sí,Sí,Sí
SNTSA,STRM,0.3333333333,No,No,Sí,Sí,Sí,Sí,Sí
SNTSS,STRM,0.1111111111,No,No,Sí,Sí,Sí,Sí,Sí
SNTSS,SUTIEMS,0.1111111111,No,Sí,No,Sí,No,No,Sí
SNTSS,UJM,0.1111111111,No,No,No,No,No,No,Sí
SNTSTC,STRM,0.0714285714,No,No,No,Sí,No,No,Sí
SNTSTC,STUNAM,0.0714285714,No,Sí,Sí,Sí,Sí,Sí,Sí
SNTSTC,UNT,0.0714285714,No,No,No,Sí,No,No,Sí
SNTTTASS,STRM,0.1,No,Sí,Sí,Sí,No,No,Sí
SNTTTASS,STUNAM,0.35,No,No,No,Sí,Sí,Sí,Sí
SNTTTASS,UNT,0.1,No,No,No,Sí,No,No,Sí
SNTTTASS,UNTA,0.1,No,No,Sí,Sí,No,No,No
SNTTTASS,#YoSoy132-CDMX,0.1,No,No,Sí,No,Sí,Sí,Sí
SPAUAZ,STRM,0.2,No,No,No,Sí,No,No,Sí
SPAUAZ,STUAZ,0.3333333333,Sí,Sí,Sí,Sí,Sí,Sí,Sí
SPAUAZ,SUTIZEA,0.3333333333,Sí,Sí,Sí,Sí,Sí,Sí,Sí
SPUM,STASPE,0.25,No,Sí,Sí,Sí,Sí,Sí,Sí
SPUM,SUEUM,0.25,Sí,Sí,Sí,Sí,Sí,Sí,Sí
Stacobach,STRM,0.1428571429,No,No,Sí,Sí,Sí,Sí,Sí
Stacobach,STUNAM,0.1428571429,Sí,Sí,No,Sí,No,No,Sí
Stacobach,UNT,0.1428571429,No,No,No,Sí,Sí,Sí,Sí
STASPE,SUEUM,2.4833333333,No,Sí,Sí,Sí,Sí,Sí,Sí
STASPE,SUTCECyTEM,0.25,No,Sí,Sí,Sí,Sí,Sí,Sí
STAUAG,STTAISUAG,1,Sí,Sí,Sí,Sí,Sí,Sí,Sí
STAUAG,SUSPEG,0.3333333333,No,Sí,No,Sí,Sí,Sí,Sí
STAUAG,SUTCOBACH-Gro,0.3333333333,Sí,Sí,No,Sí,Sí,No,Sí
STAUS,STEUS,1,Sí,Sí,Sí,Sí,Sí,Sí,Sí
STRM,STUACH,0.125,No,No,No,Sí,No,No,Sí
STRM,STUNAM,1.3462301587,No,No,No,Sí,No,No,Sí
STRM,SUEUM,0.3333333333,No,No,No,Sí,No,No,Sí
STRM,SUTCOBACH-Gro,0.0625,No,No,Sí,Sí,No,No,Sí
STRM,SUTCONALEP,0.0625,No,No,Sí,Sí,Sí,Sí,Sí
STRM,SUTIEMS,0.1111111111,No,No,No,Sí,No,No,Sí
STRM,SUTIN,0.3125,No,No,No,Sí,No,No,Sí
STRM,TrabDesechosSolRFM,0.3333333333,No,No,No,Sí,No,No,Sí
STRM,UJM,0.1111111111,No,No,No,No,No,No,Sí
STRM,UniónPobTierra&Lib,0.0625,No,No,No,No,No,No,Sí
STRM,UNT,1.5390873016,No,No,No,Sí,Sí,Sí,Sí
STRM,UNTA,0.1,No,No,Sí,Sí,Sí,Sí,No
STRM,UPREZ,0.0625,No,No,Sí,No,Sí,Sí,Sí
STRM,#YoSoy132-CDMX,0.3,No,No,Sí,No,No,No,Sí
STRM,#YoSoy132-Gro,0.5,No,No,Sí,No,No,No,Sí
STUACH,STUAdeG,0.2,Sí,Sí,Sí,Sí,Sí,No,Sí
STUACH,STUIA,0.2,No,Sí,Sí,Sí,Sí,No,Sí
STUACH,STUNAM,0.25,Sí,Sí,Sí,Sí,Sí,No,Sí
STUACH,SUTIN,0.125,No,Sí,Sí,Sí,Sí,No,Sí
STUACH,SUTUC,0.2,Sí,Sí,Sí,Sí,Sí,No,Sí
STUACH,UNT,0.125,No,No,No,Sí,No,No,Sí
STUAdeG,STUIA,0.2,No,Sí,Sí,Sí,Sí,No,Sí
STUAdeG,SUTUC,0.2,Sí,Sí,Sí,Sí,Sí,No,Sí
STUAZ,SUTIZEA,0.3333333333,Sí,Sí,Sí,Sí,Sí,Sí,Sí
STUHM,TRADOC,1,No,No,Sí,Sí,Sí,No,Sí
STUIA,SUTUC,0.2,No,Sí,Sí,Sí,Sí,No,Sí
STUNAM,SUTCOBACH-Gro,0.0625,Sí,Sí,No,Sí,Sí,No,Sí
STUNAM,SUTCONALEP,0.0625,Sí,Sí,No,Sí,No,No,Sí
STUNAM,SUTIN,0.1875,No,Sí,Sí,Sí,Sí,Sí,Sí
STUNAM,TrabDesechosSolRFM,0.3333333333,No,No,Sí,Sí,Sí,No,Sí
STUNAM,UniónPobTierra&Lib,0.0625,No,No,Sí,No,Sí,Sí,Sí
STUNAM,UNT,1.5962301587,No,No,No,Sí,No,No,Sí
STUNAM,UNTA,0.1,No,No,No,Sí,No,No,No
STUNAM,UPREZ,0.0625,No,No,No,No,No,No,Sí
STUNAM,#YoSoy132-CDMX,0.3,No,No,No,No,Sí,Sí,Sí
SUSPEG,SUTCOBACH-Gro,1.7833333333,No,Sí,Sí,Sí,Sí,No,Sí
SUSPEG-15,SUSPEG-18,0.5,Sí,Sí,Sí,Sí,Sí,Sí,Sí
SUTCOBACH-Gro,SUTCONALEP,0.0625,Sí,Sí,Sí,Sí,No,No,Sí
SUTCOBACH-Gro,SUTIN,0.0625,No,Sí,No,Sí,Sí,No,Sí
SUTCOBACH-Gro,UniónPobTierra&Lib,0.0625,No,No,No,No,Sí,No,Sí
SUTCOBACH-Gro,UNT,0.0625,No,No,No,Sí,No,No,Sí
SUTCOBACH-Gro,UPREZ,0.0625,No,No,Sí,No,No,No,Sí
SUTCONALEP,SUTIN,0.0625,No,Sí,No,Sí,No,No,Sí
SUTCONALEP,UniónPobTierra&Lib,0.0625,No,No,No,No,No,No,Sí
SUTCONALEP,UNT,0.0625,No,No,No,Sí,Sí,Sí,Sí
SUTCONALEP,UPREZ,0.0625,No,No,Sí,No,Sí,Sí,Sí
SUTIEMS,UJM,0.1111111111,No,No,Sí,No,Sí,Sí,Sí
SUTIEMS,UNT,0.3333333333,No,No,No,Sí,No,No,Sí
SUTIN,UniónPobTierra&Lib,0.0625,No,No,Sí,No,Sí,Sí,Sí
SUTIN,UNT,0.3125,No,No,No,Sí,No,No,Sí
SUTIN,UPREZ,0.0625,No,No,No,No,No,No,Sí
SUTPEEPEMOR,SUTSPJ,0.3333333333,Sí,Sí,Sí,Sí,Sí,Sí,Sí
SUTPEEPEMOR,SUTSPLEM,0.3333333333,Sí,Sí,Sí,Sí,Sí,Sí,Sí
SUTSPJ,SUTSPLEM,2.3333333333,Sí,Sí,Sí,Sí,Sí,Sí,Sí
Tetela,UFIC,0.125,No,Sí,No,No,No,No,Sí
Tetela,UNITONA,0.2,No,Sí,No,Sí,Sí,Sí,Sí
TrabDesechosSolRFM,UNT,0.3333333333,No,No,No,Sí,No,No,Sí
UCD,UFIC,0.4,No,Sí,Sí,Sí,Sí,Sí,No
UCD,UNORCA,0.4,No,No,No,Sí,Sí,Sí,Sí
UFCW,UNT,0.25,No,No,No,Sí,No,No,Sí
UFIC,UNORCA,0.4,No,Sí,No,Sí,Sí,Sí,No
UGOCM-JL,UNTA,0.25,Sí,Sí,Sí,Sí,Sí,Sí,No
UGOCP,UNIMOSS,0.125,No,No,No,Sí,Sí,Sí,Sí
UGOCP,UNORCA,0.125,No,No,No,Sí,Sí,Sí,Sí
UNIMOSS,UNORCA,0.125,No,No,Sí,Sí,Sí,Sí,Sí
UNIMOSS,UNTA,0.1666666667,No,No,No,Sí,Sí,Sí,Sí
UniónPobTierra&Lib,UNT,0.0625,No,No,No,No,No,No,Sí
UniónPobTierra&Lib,UPREZ,0.0625,No,No,No,Sí,No,No,Sí
UNT,UNTA,0.1,No,No,No,Sí,Sí,Sí,No
UNT,UPREZ,0.0625,Sí,Sí,No,No,Sí,Sí,Sí
UNT,#YoSoy132-CDMX,0.1,No,No,No,No,No,No,Sí
UNTA,#YoSoy132-CDMX,0.1,No,No,Sí,No,No,No,No
Vertebra,VíaCiudadana,0.5,No,No,No,No,Sí,Sí,Sí
VO,#YoSoy132-CDMX,0.5,No,No,No,Sí,Sí,No,Sí
#YoSoy132-CDMX,#Yosoyred,0.5,No,No,No,Sí,Sí,Sí,Sí
