¿Noticia reportada por ambos medios?,Sitio web,Fecha de publicación,Diario,Seccion,Subsección,Título,Concordancias halladas en el texto,Estados referidos,Versión
,http://www.jornada.unam.mx/ultimas/2017/04/24/en-aguascalientes-exigen-penalizacion-del-acoso-callejero-y-el-feminicidio,24/04/2017,LaJornada,ultimas,estados,"En Aguascalientes, exigen penalización del acoso callejero y el feminicidio",manifestación | marcha | toma de lugares | demanda,Aguascalientes/,digital
,http://www.eluniversal.com.mx/articulo/estados/2017/04/5/rinde-informe-procurador-de-justicia-de-bcs,05/04/2017,ElUniversal,estados,,Rinde informe procurador de Justicia de BCS,manifestación | protesta,Baja California Sur/,digital
,http://www.eluniversal.com.mx/articulo/estados/2017/04/18/diputados-de-bcs-piden-aclarar-homicidio-de-periodista,18/04/2017,ElUniversal,estados,,Diputados de BCS piden aclarar homicidio de periodista,manifestación | protesta | demanda,Baja California Sur/,digital
,http://www.eluniversal.com.mx/articulo/estados/2017/04/27/nuno-busca-fortalecer-escuelas-con-docentes-bilingues,27/04/2017,ElUniversal,estados,,Nuño busca fortalecer escuelas con docentes bilingües,manifestación,Baja California Sur/,digital
,http://www.jornada.unam.mx/2017/04/01/politica/004n3pol,01/04/2017,LaJornada,politica,,Comunicadores de Chiapas exigen justicia. ,mitin | manifestación | protesta,Chiapas/,impresa
,http://www.eluniversal.com.mx/articulo/estados/2017/04/1/protestan-por-muerte-de-tres-periodistas,01/04/2017,ElUniversal,estados,,Protestan por muerte de tres periodistas,protesta | manifestación,Chiapas/,digital
,http://www.eluniversal.com.mx/articulo/estados/2017/04/3/asaltan-25-turistas-alemanes-en-chiapas,03/04/2017,ElUniversal,estados,,Asaltan a 25 turistas alemanes en Chiapas,bloqueo,Chiapas/,digital
,http://www.eluniversal.com.mx/articulo/estados/2017/04/3/campesinos-realizaran-serie-de-bloqueos-y-un-planton-en-chiapas,03/04/2017,ElUniversal,estados,,Campesinos realizarán serie de bloqueos y un plantón en Chiapas,plantón | bloqueo | campamento | movilización,Chiapas/,digital
Sí,http://www.eluniversal.com.mx/articulo/estados/2017/04/3/trabajadores-realizan-huelga-de-hambre-en-hospital-regional-en-chiapas,03/04/2017,ElUniversal,estados,,Trabajadores realizan huelga de hambre en hospital regional en Chiapas,toma de lugares | plantón | huelga | protesta | huelga de hambre,Chiapas/,digital
,http://www.jornada.unam.mx/ultimas/2017/04/03/enfermeras-inician-huelga-de-hambre-en-tuxtla-gutierrez,03/04/2017,LaJornada,ultimas,estados,Enfermeras inician huelga de hambre en Tuxtla Gutiérrez,protesta | plantón | huelga,Chiapas/,digital
,http://www.jornada.unam.mx/2017/04/04/estados/029n1est,04/04/2017,LaJornada,estados,,"Enfermeras de Chiapas inician huelga de hambre para exigir su reinstalación. Señalan desabasto en hospitales del estado; el movimiento es político, responde la Ssa. ",protesta | plantón | huelga,Chiapas/,impresa
,http://www.eluniversal.com.mx/articulo/estados/2017/04/4/continua-cerrada-carretera-san-cristobal-palenque,04/04/2017,ElUniversal,estados,,Continua cerrada carretera San Cristóbal-Palenque,demanda | bloqueo,Chiapas/,digital
,http://www.eluniversal.com.mx/articulo/estados/2017/04/5/trabajadores-realizan-paro-de-labores-en-hospitales-de-chiapas,05/04/2017,ElUniversal,estados,,Trabajadores realizan paro de labores en hospitales de Chiapas,paro de labores | demanda | protesta,Chiapas/,digital
Sí,http://www.eluniversal.com.mx/articulo/estados/2017/04/6/protestan-por-politicas-migratorias-en-chiapas,06/04/2017,ElUniversal,estados,,Protestan por políticas migratorias en Chiapas,marcha | manifestación | protesta | huelga de hambre,Chiapas/,digital
,http://www.jornada.unam.mx/ultimas/2017/04/06/migrantes-escenifican-viacrucis-en-chiapas-para-denunciar-abusos,06/04/2017,LaJornada,ultimas,estados,Migrantes escenifican viacrucis en Chiapas para denunciar abusos,protesta | demanda | marcha,Chiapas/,digital
Sí,http://www.eluniversal.com.mx/articulo/estados/2017/04/7/otra-enfermera-se-suma-huelga-de-hambre-en-chiapas?fb_comment_id=1375822852499043_1375838152497513,07/04/2017,ElUniversal,estados,,Otra enfermera se suma a huelga de hambre en Chiapas,huelga de hambre | huelga | campamento,Chiapas/,digital
,http://www.jornada.unam.mx/2017/04/08/politica/015n2pol,08/04/2017,LaJornada,politica,,"Protestan médicos, enfermeros y administrativos ante la sede de la Ssa. Denuncian grave situación en hospitales por falta de insumos. ",huelga | manifestación | mitin,Chiapas/,impresa
,http://www.eluniversal.com.mx/articulo/estados/2017/04/8/enfermeras-anuncian-sutura-de-labios-en-chiapas,08/04/2017,ElUniversal,estados,,Enfermeras anuncian sutura de labios en Chiapas,movilización | demanda | protesta | campamento,Chiapas/,digital
,http://www.eluniversal.com.mx/articulo/estados/2017/04/8/bloquean-carretera-por-detencion-de-indigenas-acusados-de-asaltar,08/04/2017,ElUniversal,estados,,Bloquean carretera por detención de indígenas acusados de asaltar a turistas,protesta | bloqueo,Chiapas/,digital
,http://www.eluniversal.com.mx/articulo/estados/2017/04/9/inicia-en-chiapas-viacrucis-de-migrantes,09/04/2017,ElUniversal,estados,,"Inicia en Chiapas ""viacrucis de migrantes""",caravana,Chiapas/,digital
Sí,http://www.eluniversal.com.mx/articulo/estados/2017/04/9/enfermeras-en-huelga-de-hambre-se-amordazan-en-chiapas,09/04/2017,ElUniversal,estados,,Enfermeras en huelga de hambre se amordazan en Chiapas,manifestación | protesta | huelga de hambre,Chiapas/,digital
,http://www.jornada.unam.mx/ultimas/2017/04/09/parte-de-chiapas-viacrucis-migrante-rumbo-a-eu,09/04/2017,LaJornada,ultimas,estados,Parte de Chiapas Viacrucis migrante rumbo a EU,caravana,Chiapas/,digital
,http://www.jornada.unam.mx/2017/04/10/estados/028n3est,10/04/2017,LaJornada,estados,,Se amordazan enfermeras en ayuno en Chiapas. ,huelga | protesta | manifestación,Chiapas/,impresa
,http://www.eluniversal.com.mx/articulo/estados/2017/04/10/huelga-de-hambre-de-enfermeras-cumple-8-dias-en-chiapas,10/04/2017,ElUniversal,estados,,Huelga de hambre de enfermeras cumple 8 días en Chiapas,manifestación | marcha | huelga de hambre | demanda,Chiapas/,digital
,http://www.eluniversal.com.mx/articulo/estados/2017/04/10/integrantes-del-viacrucis-del-migrante-protestan-frente-la-comar,10/04/2017,ElUniversal,estados,,Integrantes del Viacrucis del Migrante protestan frente a la Comar,protesta,Chiapas/,digital
,http://www.jornada.unam.mx/ultimas/2017/04/10/marchan-en-apoyo-de-enfermeras-en-tuxtla-gutierrez,10/04/2017,LaJornada,ultimas,estados,Marchan en apoyo de enfermeras en Tuxtla Gutiérrez,marcha | huelga,Chiapas/,digital
,http://www.jornada.unam.mx/ultimas/2017/04/10/gobierno-de-chiapas-responde-a-demandas-de-las-enfermeras-en-huelga-de-hambre,10/04/2017,LaJornada,ultimas,estados,Gobierno de Chiapas responde a demandas de las enfermeras en huelga de hambre,marcha | huelga,Chiapas/,digital
,http://www.eluniversal.com.mx/articulo/estados/2017/04/11/finaliza-paro-de-trabajadores-de-salud-en-chiapas,11/04/2017,ElUniversal,estados,,Finaliza paro de trabajadores de Salud en Chiapas,paro de labores | protesta | demanda,Chiapas/,digital
Sí,http://www.eluniversal.com.mx/articulo/estados/2017/04/11/se-suma-otra-enfermera-huelga-de-hambre-en-chiapas-ya-son-9,11/04/2017,ElUniversal,estados,,Se suma otra enfermera a huelga de hambre en Chiapas; ya son 9,plantón | manifestación | huelga de hambre | demanda,Chiapas/,digital
,http://www.jornada.unam.mx/ultimas/2017/04/11/enfermeras-continuan-huelga-de-hambre-en-chiapas,11/04/2017,LaJornada,ultimas,estados,Enfermeras continúan huelga de hambre en Chiapas,huelga | protesta,Chiapas/,digital
,http://www.eluniversal.com.mx/articulo/estados/2017/04/12/denuncian-retencion-de-indigenas-en-chiapas,12/04/2017,ElUniversal,estados,,Denuncian retención de indígenas en Chiapas,demanda,Chiapas/,digital
,http://www.eluniversal.com.mx/articulo/estados/2017/04/12/enfermeras-en-huelga-de-hambre-con-delicado-estado-de-salud,12/04/2017,ElUniversal,estados,,"Enfermeras en huelga de hambre, con delicado estado de salud",campamento | huelga de hambre,Chiapas/,digital
,http://www.eluniversal.com.mx/articulo/estados/2017/04/13/tras-10-dias-enfermeras-levantan-su-ayuno,13/04/2017,ElUniversal,estados,,"Tras 10 días, enfermeras levantan su ayuno",plantón | campamento | huelga | huelga de hambre | demanda,Chiapas/,digital
,http://www.eluniversal.com.mx/articulo/estados/2017/04/13/viacrucis-del-migrante-llega-chiapas,13/04/2017,ElUniversal,estados,,Viacrucis del migrante llega a Chiapas,caravana,Chiapas/,digital
,http://www.eluniversal.com.mx/articulo/estados/2017/04/15/trabajadores-de-salud-en-chiapas-realizan-quema-de-judas,15/04/2017,ElUniversal,estados,,Trabajadores de salud en Chiapas realizan quema de Judas,plantón | manifestación | huelga de hambre,Chiapas/,digital
,http://www.eluniversal.com.mx/articulo/estados/2017/04/15/viacrucis-migrante-avanza-hacia-oaxaca,15/04/2017,ElUniversal,estados,,Viacrucis migrante avanza hacia Oaxaca,demanda,Chiapas/,digital
,http://www.jornada.unam.mx/ultimas/2017/04/18/pobladores-marchan-contra-alza-de-tarifas-de-luz-en-chiapas,18/04/2017,LaJornada,ultimas,estados,Pobladores marchan contra alza de tarifas de luz en Chiapas,marcha | protesta | manifestación,Chiapas/,digital
Sí,http://www.eluniversal.com.mx/articulo/estados/2017/04/19/indigenas-de-chenalho-piden-seguridad-para-regresar-su-ejido,19/04/2017,ElUniversal,estados,,Indígenas de Chenalhó piden seguridad para regresar a su ejido,plantón | protesta,Chiapas/,digital
,http://www.jornada.unam.mx/ultimas/2017/04/19/marchan-indigenas-desplazados-por-su-retorno-a-chenalho,19/04/2017,LaJornada,ultimas,estados,Marchan indígenas desplazados por su retorno a Chenalhó,marcha,Chiapas/,digital
,http://www.eluniversal.com.mx/articulo/estados/2017/04/20/productores-bloquean-carreteras-en-chiapas,20/04/2017,ElUniversal,estados,,Productores bloquean carreteras en Chiapas,manifestación | bloqueo | protesta | demanda,Chiapas/,digital
,http://www.jornada.unam.mx/ultimas/2017/04/21/chiapas-13-mil-usuarios-no-pagaran-alza-de-tarifa-de-luz,21/04/2017,LaJornada,ultimas,estados,Chiapas: 13 mil usuarios no pagarán alza de tarifa de luz,protesta,Chiapas/,digital
,http://www.jornada.unam.mx/2017/04/22/estados/025n4est,22/04/2017,LaJornada,estados,,Protestan usuarios de CFE en Chiapas. ,protesta,Chiapas/,impresa
,http://www.jornada.unam.mx/ultimas/2017/04/22/se-manifiestan-en-san-cristobal-contra-recortes-a-becas-del-conacyt,22/04/2017,LaJornada,ultimas,estados,Se manifiestan en San Cristóbal contra recortes a becas del Conacyt,protesta | manifestación,Chiapas/,digital
,http://www.eluniversal.com.mx/articulo/2017/04/25/solicitan-azucareros-seguridad-la-sedena-en-chiapas,25/04/2017,ElUniversal,,,Solicitan azucareros seguridad a la Sedena en Chiapas,demanda | bloqueo | campamento,Chiapas/,digital
Sí,http://www.eluniversal.com.mx/articulo/estados/2017/04/25/ex-trabajadores-del-ayuntamiento-de-chamula-exigen-pago-de-salarios,25/04/2017,ElUniversal,estados,,Ex trabajadores del Ayuntamiento de Chamula exigen pago de salarios,manifestación | demanda | protesta | plantón,Chiapas/,digital
,http://www.jornada.unam.mx/ultimas/2017/04/25/protestan-77-ex-empleados-en-tuxtla-gutierrez-por-falta-de-pago,25/04/2017,LaJornada,ultimas,estados,Protestan 77 ex empleados en Tuxtla Gutiérrez por falta de pago,protesta,Chiapas/,digital
,http://www.eluniversal.com.mx/articulo/estados/2017/04/26/cumplidos-acuerdos-con-enfermeras-gobierno-de-chiapas,26/04/2017,ElUniversal,estados,,"Cumplidos, acuerdos con enfermeras: gobierno de Chiapas",plantón | huelga | huelga de hambre,Chiapas/,digital
Sí,http://www.eluniversal.com.mx/articulo/estados/2017/04/27/ex-trabajadores-de-chamula-exigen-pago-de-sueldos-con-huelga-de-hambre,27/04/2017,ElUniversal,estados,,Ex trabajadores de Chamula exigen pago de sueldos con huelga de hambre,manifestación | huelga | protesta | huelga de hambre,Chiapas/,digital
,http://www.jornada.unam.mx/ultimas/2017/04/27/en-huelga-de-hambre-77-ex-trabajadores-del-ayuntamiento-de-chamula,27/04/2017,LaJornada,ultimas,estados,"En huelga de hambre, 77 ex trabajadores del ayuntamiento de Chamula",protesta | huelga | plantón,Chiapas/,digital
,http://www.jornada.unam.mx/ultimas/2017/04/27/pobladores-de-oxchuc-levantan-planton-carretero,27/04/2017,LaJornada,ultimas,estados,Pobladores de Oxchuc levantan plantón carretero,protesta | manifestación | plantón | bloqueo,Chiapas/,digital
,http://www.eluniversal.com.mx/articulo/estados/2017/04/29/liberan-indigenas-21-traileres-retenidos-en-chiapas,29/04/2017,ElUniversal,estados,,Liberan indígenas 21 tráileres retenidos en Chiapas,protesta | bloqueo,Chiapas/,digital
,http://www.eluniversal.com.mx/articulo/estados/2017/04/1/se-manifiestan-periodistas-de-chihuahua-exigen-justicia-para-miroslava,01/04/2017,ElUniversal,estados,,Se manifiestan periodistas de Chihuahua; exigen justicia para Miroslava,manifestación | demanda,Chihuahua/,digital
,http://www.eluniversal.com.mx/articulo/nacion/politica/2017/04/2/periodistas-exigen-justicia-para-breach?fb_comment_id=1365395453519623_1365772423481926,02/04/2017,ElUniversal,nacion,politica,Periodistas exigen justicia para Breach,demanda,Chihuahua/,digital
,http://www.eluniversal.com.mx/articulo/nacion/politica/2017/04/9/protestan-en-chihuahua-corral-es-represor?fb_comment_id=1446030525463971_1446314035435620,09/04/2017,ElUniversal,nacion,politica,Protestan en Chihuahua: “Corral es represor”,manifestación | protesta | bloqueo,Chihuahua/,digital
,http://www.jornada.unam.mx/2017/04/16/politica/006n2pol,16/04/2017,LaJornada,politica,,Realizan en Ciudad Juárez vía crucis por la violencia contra la mujeres. Critican inacción de autoridades para localizar a jóvenes. ,manifestación,Chihuahua/,impresa
Sí,http://www.eluniversal.com.mx/articulo/estados/2017/04/23/exigen-justicia-para-miroslava-un-mes-de-su-homicidio,23/04/2017,ElUniversal,estados,,Exigen justicia para Miroslava a un mes de su homicidio,manifestación,Chihuahua/,digital
,http://www.jornada.unam.mx/2017/04/24/politica/007n1pol,24/04/2017,LaJornada,politica,,Exigen periodistas resolver el asesinato de Miroslava Breach. Demandan no caer en la fabricación de chivos expiatorios. Se manifiestan compañeros de trabajo y familiares de la comunicadora. ,protesta | manifestación | demanda,Chihuahua/,impresa
,http://www.jornada.unam.mx/ultimas/2017/04/24/reporteros-de-norte-exigen-a-corral-resultados-sobre-breach,24/04/2017,LaJornada,ultimas,estados,Exigen ex reporteros de 'Norte' resultados en caso Breach,protesta,Chihuahua/,digital
,http://www.jornada.unam.mx/2017/04/29/estados/023n1est,29/04/2017,LaJornada,estados,,"Derechohabientes en mora piden programa de rescate al Infonavit. En Chihuahua, más de 10 mil familias han sido desalojadas, asegura El Barzón. El instituto realiza los juicios fuera del estado y sin notificar a los propietarios, acusan En 2016 se subastaron 8 mil casas, de 200 mil que fueron abandonadas, dice Penchyna. ",protesta | demanda,Chihuahua/,impresa
,http://www.eluniversal.com.mx/articulo/metropoli/cdmx/2017/04/1/se-suben-al-ring-por-obras-en-tlalpan?fb_comment_id=1273924946055954_1274492545999194,01/04/2017,ElUniversal,metropoli,cdmx,Se suben al ring por obras en Tlalpan,manifestación,Ciudad de México/,digital
,http://www.jornada.unam.mx/ultimas/2017/04/05/protestan-trabajadores-de-hospital-homeopatico-por-malos-resultados,05/04/2017,LaJornada,ultimas,sociedad y justicia,Protestan trabajadores de Hospital Homeopático por malos resultados,protesta,Ciudad de México/,digital
,http://www.jornada.unam.mx/2017/04/07/capital/031n1cap,07/04/2017,LaJornada,capital,,"Colonos de Coyoacán protestan contra inmobiliarias y por la escasez de agua. Autoridades hacen caso omiso En 15 días podrán tener respuesta, dice empleada Observatorio Ciudadano las acusa de utilizar a policías para manipular válvulas. ",bloqueo | protesta | manifestación | mitin | marcha,Ciudad de México/,impresa
Sí,http://www.eluniversal.com.mx/articulo/metropoli/cdmx/2017/04/7/llega-marcha-de-estudiantes-de-la-unam-conacyt,07/04/2017,ElUniversal,metropoli,cdmx,Llega marcha de estudiantes de la UNAM a Conacyt,marcha,Ciudad de México/,digital
,http://www.jornada.unam.mx/2017/04/08/sociedad/030n2soc,08/04/2017,LaJornada,sociedad,,Estudiantes de posgrado marchan contra recorte a sus becas del Conacyt. Reciben menos desde que se calculan en UMA y no en salarios. ,marcha | demanda | protesta,Ciudad de México/,impresa
,http://www.eluniversal.com.mx/articulo/metropoli/cdmx/2017/04/8/realizan-clausura-simbolica-en-benito-juarez,08/04/2017,ElUniversal,metropoli,cdmx,Realizan clausura simbólica en Benito Juárez,manifestación | marcha | protesta | movilización,Ciudad de México/,digital
,http://www.eluniversal.com.mx/articulo/nacion/politica/2017/04/8/protestan-contra-politicas-de-corral,08/04/2017,ElUniversal,nacion,politica,Protestan contra políticas de Corral,manifestación | toma de lugares | protesta | bloqueo,Ciudad de México/,digital
,http://www.jornada.unam.mx/2017/04/09/capital/027n2cap,09/04/2017,LaJornada,capital,,Con marcha y boicot vecinos repudian más megaedificios. ,boicot | marcha | manifestación,Ciudad de México/,impresa
,http://www.eluniversal.com.mx/articulo/metropoli/cdmx/2017/04/9/vecinos-rechazan-mas-obras-en-bj?fb_comment_id=1331750256893464_1343224102412746,09/04/2017,ElUniversal,metropoli,cdmx,Vecinos rechazan más obras en BJ,movilización | protesta,Ciudad de México/,digital
Sí,http://www.eluniversal.com.mx/articulo/metropoli/cdmx/2017/04/11/deja-11-heridos-choque-con-villistas-frente-la-pgj,11/04/2017,ElUniversal,metropoli,cdmx,"Deja 11 heridos ""choque"" con villistas frente a la PGJ",manifestación | marcha | bloqueo | protesta,Ciudad de México/,digital
,http://www.jornada.unam.mx/2017/04/12/capital/028n1cap,12/04/2017,LaJornada,capital,,Panchosvillas enfrentan con tubos y piedras a policías frente a la PGJ. Exigían liberar a compañeros; hay nueve heridos y 25 detenidos. ,bloqueo | manifestación | protesta,Ciudad de México/,impresa
,http://www.jornada.unam.mx/ultimas/2017/04/15/evangelicos-marchan-al-monumento-a-la-revolucion-1,15/04/2017,LaJornada,ultimas,política,Evangélicos marchan al Monumento a la Revolución,marcha,Ciudad de México/,digital
,http://www.jornada.unam.mx/2017/04/18/politica/010n2pol,18/04/2017,LaJornada,politica,,"Marchan para exigir un alto a los cobros excesivos de la CFE. No pagaré, si no es con el SME , fue la consigna. ",huelga | marcha | plantón | demanda | mitin | movilización,Ciudad de México/,impresa
,http://www.jornada.unam.mx/2017/04/18/politica/009n1pol,18/04/2017,LaJornada,politica,,"Con burla buscan dar carpetazo al caso Mexicana. Darían mil 320 pesos a cada trabajador. Llevamos seis años nueve meses de lucha digna, afirma Fausto Guerrero Díaz. ",manifestación,Ciudad de México/,impresa
,http://www.eluniversal.com.mx/articulo/metropoli/edomex/2017/04/18/isidro-pastor-en-huelga-de-hambre-por-revocacion-de-candidatura,18/04/2017,ElUniversal,metropoli,edomex,"Isidro Pastor, en huelga de hambre por revocación de candidatura",huelga de hambre,Ciudad de México/,digital
,http://www.jornada.unam.mx/2017/04/19/capital/029n3cap,19/04/2017,LaJornada,capital,,Vecinos del poniente demandan frenar obras en marcha. ,demanda,Ciudad de México/,impresa
,http://www.jornada.unam.mx/2017/04/19/sociedad/031n3soc,19/04/2017,LaJornada,sociedad,,Campesinos exigen pagos a la Sagarpa. ,manifestación,Ciudad de México/,impresa
,http://www.jornada.unam.mx/2017/04/19/capital/029n2cap,19/04/2017,LaJornada,capital,,Autoridades de Coyoacán ceden a presión vecinal. ,marcha | bloqueo | mitin,Ciudad de México/,impresa
,http://www.jornada.unam.mx/2017/04/20/sociedad/039n3soc,20/04/2017,LaJornada,sociedad,,Protestan frente a la embajada rusa. ,manifestación | protesta,Ciudad de México/,impresa
Sí,http://www.eluniversal.com.mx/articulo/metropoli/cdmx/2017/04/20/operativo-frena-protesta-en-casa-de-delegado-de-coyoacan,20/04/2017,ElUniversal,metropoli,cdmx,Operativo frena protesta en casa de delegado de Coyoacán,manifestación | marcha | protesta,Ciudad de México/,digital
,http://www.eluniversal.com.mx/articulo/metropoli/cdmx/2017/04/20/delegado-de-coyoacan-acusa-batres-de-organizar-protesta-en-su,20/04/2017,ElUniversal,metropoli,cdmx,Delegado de Coyoacán acusa a Batres de organizar protesta en su contra,manifestación | protesta | movilización,Ciudad de México/,digital
Sí,http://www.eluniversal.com.mx/articulo/nacion/sociedad/2017/04/20/caso-ayotzinapa-muestra-impunidad-que-prevalece-en-mexico?fb_comment_id=1553250321353073_1553342404677198,20/04/2017,ElUniversal,nacion,sociedad,Caso Ayotzinapa muestra impunidad que prevalece en México: Vidulfo Rosales,marcha | protesta,Ciudad de México/,digital
,http://www.jornada.unam.mx/ultimas/2017/04/20/continua-protesta-de-comunidad-lgbt-en-la-embajada-rusa,20/04/2017,LaJornada,ultimas,sociedad y justicia,Continúa protesta de comunidad LGBT en la embajada rusa,manifestación | protesta | demanda,Ciudad de México/,digital
,http://www.jornada.unam.mx/2017/04/21/capital/030n2cap,21/04/2017,LaJornada,capital,,Impide la SSP protesta vecinal frente a la casa de Maldonado. ,protesta,Ciudad de México/,impresa
,http://www.jornada.unam.mx/2017/04/21/politica/005n1pol,21/04/2017,LaJornada,politica,,"Ante ‘‘falta de resultados’’, padres de los 43 realizan plantón indefinido en la PGR. Los avances que nos manifiestan son nulos; intocados, militares y policías, lamentan. ",marcha | manifestación | plantón,Ciudad de México/,impresa
,http://www.jornada.unam.mx/2017/04/21/politica/014n3pol,21/04/2017,LaJornada,politica,,Se comprometen los recursos naturales: Greenpeace. ,protesta | demanda,Ciudad de México/,impresa
,http://www.eluniversal.com.mx/articulo/metropoli/cdmx/2017/04/21/clausuran-el-borrego-viudo-empleados-protestan,21/04/2017,ElUniversal,metropoli,cdmx,"Clausuran ""El Borrego Viudo""; empleados protestan",protesta | demanda,Ciudad de México/,digital
,http://www.eluniversal.com.mx/articulo/metropoli/cdmx/2017/04/21/frenan-protesta-casa-de-delegado?fb_comment_id=1125241987587584_1125568967554886,21/04/2017,ElUniversal,metropoli,cdmx,Frenan protesta a casa de delegado,protesta | manifestación | marcha,Ciudad de México/,digital
,http://www.jornada.unam.mx/2017/04/22/politica/003n2pol,22/04/2017,LaJornada,politica,,Familiares de víctimas irrumpen en el Senado. ,demanda,Ciudad de México/,impresa
,http://www.eluniversal.com.mx/articulo/nacion/sociedad/2017/04/22/marchan-por-la-tierra-y-contra-recortes-en-ciencia-y-tecnologia,22/04/2017,ElUniversal,nacion,sociedad,Marchan por la Tierra y contra recortes en ciencia y tecnología,mitin | manifestación | demanda | marcha,Ciudad de México/,digital
,http://www.jornada.unam.mx/2017/04/23/capital/027n1cap,23/04/2017,LaJornada,capital,,"Ocupan los habitantes de Tezonco cinturón verde para evitar su venta. Fue comercializado por la CDMX, pese a un acuerdo de que era para servicios urbanos, dicen Hacen guardias día y noche; organizan labores destinadas a reparar el tejido social. ",campamento,Ciudad de México/,impresa
,http://www.jornada.unam.mx/2017/04/23/politica/010n2pol,23/04/2017,LaJornada,politica,,Valla humana contra Trump y gasolinazos. ,protesta,Ciudad de México/,impresa
Sí,http://www.eluniversal.com.mx/articulo/nacion/seguridad/2017/04/23/finaliza-marcha-por-los-43-no-moveran-planton-en-pgr,23/04/2017,ElUniversal,nacion,seguridad,Finaliza marcha por los 43; no moverán plantón en PGR,plantón | manifestación | marcha,Ciudad de México/,digital
,http://www.eluniversal.com.mx/articulo/nacion/politica/2017/04/23/con-cadena-humana-prd-apoya-migrantes,23/04/2017,ElUniversal,nacion,politica,"Con cadena humana, PRD apoya migrantes",protesta,Ciudad de México/,digital
,http://www.jornada.unam.mx/ultimas/2017/04/23/quienes-hacen-la-ciencia-marcharon-ayer-en-defensa-del-conocimiento,23/04/2017,LaJornada,ultimas,sociedad y justicia,Quienes hacen la ciencia marcharon ayer en defensa del conocimiento,marcha,Ciudad de México/,digital
,http://www.jornada.unam.mx/2017/04/24/politica/007n2pol,24/04/2017,LaJornada,politica,,Ni avances ni resultados concretos en el caso Ayotzinapa: padres de familia. Acusan a la SG de buscar el cierre de las investigaciones. ,plantón | marcha | mitin,Ciudad de México/,impresa
Sí,http://www.eluniversal.com.mx/articulo/metropoli/cdmx/2017/04/24/ex-trabajadores-de-mexicana-de-aviacion-realizan-protesta-cerca,24/04/2017,ElUniversal,metropoli,cdmx,Ex trabajadores de Mexicana de Aviación realizan protesta cerca del AICM,protesta | manifestación | movilización,Ciudad de México/,digital
,http://www.jornada.unam.mx/ultimas/2017/04/24/marchan-campesinos-de-la-estela-de-luz-a-sedatu,24/04/2017,LaJornada,ultimas,sociedad y justicia,Marchan campesinos de la Estela de Luz a Sedatu,marcha | manifestación | demanda,Ciudad de México/,digital
,http://www.jornada.unam.mx/2017/04/25/capital/030n1cap,25/04/2017,LaJornada,capital,,Bloqueo de campesinos frente a la SHCP inmoviliza la zona poniente. Anuncian marcha este martes de Etiopía a la Sagarpa. ,bloqueo | marcha | manifestación | movilización | plantón,Ciudad de México/,impresa
,http://www.jornada.unam.mx/ultimas/2017/04/24/jubilados-de-mexicana-y-el-barzon-bloquean-circuito-interior,24/04/2017,LaJornada,ultimas,sociedad y justicia,Jubilados de Mexicana y El Barzón bloquean Circuito Interior,bloqueo | manifestación | movilización | protesta,Ciudad de México/,digital
,http://www.jornada.unam.mx/2017/04/25/politica/013n1pol,25/04/2017,LaJornada,politica,,Una decena de jubilados de Mexicana resultan heridos en gresca con granaderos. Los efectivos trataron de impedirles el paso hacia el Zócalo capitalino. ,bloqueo | manifestación,Ciudad de México/,impresa
Sí,http://www.eluniversal.com.mx/articulo/metropoli/cdmx/2017/04/25/padres-de-ayotzinapa-realizan-bloqueo-en-reforma-la-altura-de,25/04/2017,ElUniversal,metropoli,cdmx,"Padres de Ayotzinapa realizan bloqueo en Reforma, a la altura de Bucareli",manifestación | bloqueo | protesta,Ciudad de México/,digital
,http://www.jornada.unam.mx/ultimas/2017/04/25/el-campo-es-de-todos-levanta-planton-frente-a-sagarpa,25/04/2017,LaJornada,ultimas,sociedad y justicia,El Campo es de Todos levanta plantón frente a Sagarpa,protesta | plantón | manifestación | toma de lugares,Ciudad de México/,digital
,http://www.jornada.unam.mx/ultimas/2017/04/25/gasea-pf-a-padres-de-los-43-al-intentar-hacer-mitin-en-segob,25/04/2017,LaJornada,ultimas,política,"""Gasea"" PF a padres de los 43 al intentar hacer mitin en Segob",manifestación | mitin,Ciudad de México/,digital
Sí,http://www.eluniversal.com.mx/articulo/metropoli/cdmx/2017/04/26/manifestantes-controlan-accesos-de-sct,26/04/2017,ElUniversal,metropoli,cdmx,Manifestantes controlan accesos de SCT,manifestación | protesta,Ciudad de México/,digital
Sí,http://www.eluniversal.com.mx/articulo/metropoli/cdmx/2017/04/26/se-restablece-circulacion-en-avenida-juarez-tras-mitin,26/04/2017,ElUniversal,metropoli,cdmx,Se restablece circulación en Avenida Juárez tras mitin,mitin | bloqueo | movilización,Ciudad de México/,digital
,http://www.jornada.unam.mx/ultimas/2017/04/26/campesinos-2018toman2019-sre-exigen-reunion-con-videgaray,26/04/2017,LaJornada,ultimas,política,Campesinos ‘toman’ SRE; exigen reunión con Videgaray,manifestación | demanda | toma de lugares,Ciudad de México/,digital
,http://www.jornada.unam.mx/2017/04/27/politica/011n1pol,27/04/2017,LaJornada,politica,,"Abandonó el gobierno federal las recomendaciones del GIEI. Padres de los 43 exigen resultados concretos de pesquisas. Mantendrán el plantón por tiempo indefinido en la PGR, afirman. ",marcha | mitin | manifestación | plantón | protesta,Ciudad de México/,impresa
,http://www.eluniversal.com.mx/articulo/metropoli/cdmx/2017/04/27/campesinos-dejan-planton-y-se-dirigen-al-monumento-la-revolucion,27/04/2017,ElUniversal,metropoli,cdmx,Campesinos dejan plantón y se dirigen al Monumento a la Revolución,plantón | manifestación | protesta,Ciudad de México/,digital
,http://www.eluniversal.com.mx/articulo/metropoli/cdmx/2017/04/27/denuncia-artista-trans-discriminacion-en-museo-de-tolerancia,27/04/2017,ElUniversal,metropoli,cdmx,Denuncia artista trans discriminación en Museo de Tolerancia,protesta,Ciudad de México/,digital
Sí,http://www.eluniversal.com.mx/articulo/metropoli/cdmx/2017/04/27/padres-de-los-43-protestan-frente-la-camara-de-diputados,27/04/2017,ElUniversal,metropoli,cdmx,Padres de los 43 protestan frente a la Cámara de Diputados,protesta | bloqueo | manifestación,Ciudad de México/,digital
,http://www.eluniversal.com.mx/articulo/metropoli/cdmx/2017/04/27/perredistas-protestas-afuera-de-asamblea-legislativa-e-impiden,27/04/2017,ElUniversal,metropoli,cdmx,Perredistas protestas afuera de Asamblea Legislativa e impiden acceso,protesta | bloqueo | manifestación,Ciudad de México/,digital
,http://www.jornada.unam.mx/ultimas/2017/04/27/exigen-padres-de-los-43-comparecencia-del-procurador-cervantes,27/04/2017,LaJornada,ultimas,política,Exigen padres de los 43 comparecencia del procurador Cervantes,protesta | plantón | movilización | mitin,Ciudad de México/,digital
,http://www.jornada.unam.mx/2017/04/28/politica/012n1pol,28/04/2017,LaJornada,politica,,"Diputados mayoritean reforma que perjudica los derechos de las audiencias de radio y Tv. Las modificaciones de PRI, PAN, PVEM y Panal, revés a la transparencia informativa. Fue notable el ausentismo de los legisladores y la sesión estuvo marcada por un pobre debate. ",protesta,Ciudad de México/,impresa
,http://www.eluniversal.com.mx/articulo/nacion/politica/2017/04/28/padres-de-los-43-normalistas-exigen-respuestas-pgr?fb_comment_id=1557103107695816_1557161734356620,28/04/2017,ElUniversal,nacion,politica,Padres de los 43 normalistas exigen respuestas a PGR,plantón | demanda,Ciudad de México/,digital
,http://www.eluniversal.com.mx/articulo/2017/04/28/museo-de-la-tolerancia-no-tolera-drag-queen,28/04/2017,ElUniversal,,,"Museo de la Tolerancia no tolera a ""drag queen""",protesta,Ciudad de México/,digital
,http://www.eluniversal.com.mx/articulo/metropoli/cdmx/2017/04/29/marcha-contra-aborto-complica-circulacion-en-zona-centro,29/04/2017,ElUniversal,metropoli,cdmx,Marcha contra aborto complica circulación en zona centro,manifestación | movilización | marcha,Ciudad de México/,digital
,http://www.eluniversal.com.mx/articulo/nacion/politica/2017/04/29/padres-de-los-43-piden-la-pgr-respuestas,29/04/2017,ElUniversal,nacion,politica,Padres de los 43 piden a la PGR respuestas,plantón | demanda,Ciudad de México/,digital
,http://www.jornada.unam.mx/ultimas/2017/04/29/en-protesta-denuncian-40-mil-feminicidios-en-el-pais,29/04/2017,LaJornada,ultimas,sociedad y justicia,"En protesta, denuncian 40 mil feminicidios en el país",protesta,Ciudad de México/,digital
,http://www.jornada.unam.mx/2017/04/09/estados/025n1est,09/04/2017,LaJornada,estados,,"Marchan contra violencia hacia las mujeres. En Colima, 11 asesinadas de enero a abril; acusan activistas omisión de autoridades. ",marcha | protesta | manifestación,Colima/,impresa
,http://www.jornada.unam.mx/ultimas/2017/04/02/desalojan-en-durango-campamento-de-trabajadores-de-primero-mining,02/04/2017,LaJornada,ultimas,estados,Desalojan en Durango campamento de trabajadores de Primero Mining,huelga | campamento | bloqueo,Durango/,digital
,http://www.jornada.unam.mx/2017/04/05/politica/015n2pol,05/04/2017,LaJornada,politica,,El sindicato minero denuncia acciones fraudulentas de la empresa Primero. La firma canadiense se niega a negociar para levantar la huelga. ,huelga,Durango/,impresa
,http://www.jornada.unam.mx/2017/04/09/estados/023n2est,09/04/2017,LaJornada,estados,,Ejidatarios de Durango toman caseta; exigen pago justo por tierras. Solicitan $200 mil por cada hectárea utilizada para autopista. ,bloqueo | manifestación | toma de lugares,Durango/,impresa
,http://www.jornada.unam.mx/2017/04/14/estados/024n2est,14/04/2017,LaJornada,estados,,"Termina huelga en Tayoltita, Durango; acuerdan mineros y Primero Mining. En 59 días de paro la empresa dejó de obtener 28.1 mdd. ",marcha | bloqueo | huelga,Durango/,impresa
,http://www.jornada.unam.mx/2017/04/18/politica/010n1pol,18/04/2017,LaJornada,politica,,Levantan la huelga en Primero Compañía Minera; logran aumento global de 16.5%. Los trabajadores recibirán 100% de los salarios caídos de 58 días de paro. ,huelga | paro de labores,Durango/,impresa
,http://www.eluniversal.com.mx/articulo/metropoli/edomex/2017/04/1/inauguran-paseo-jerusalen-en-naucalpan-invierten-9-mdp,01/04/2017,ElUniversal,metropoli,edomex,Inauguran. Paseo Jerusalén en Naucalpan; invierten 9 mdp,protesta,Estado de México/,digital
,http://www.eluniversal.com.mx/especiales/metropoli/2017/04/5/813322/nota/827406/6/isidro-pastor-en-huelga-de-hambre-por-revocacion-de-candidatura,05/04/2017,ElUniversal,metropoli,,Van por la joya de la corona,huelga de hambre,Estado de México/,digital
,http://www.eluniversal.com.mx/articulo/metropoli/edomex/2017/04/19/quieren-limitar-mi-tiempo-de-campana-isidro-pastor,19/04/2017,ElUniversal,metropoli,edomex,Quieren limitar mi tiempo de campaña: Isidro Pastor,campamento | huelga de hambre,Estado de México/,digital
,http://www.jornada.unam.mx/ultimas/2017/04/19/vecinos-de-ecatepec-bloquean-avenida-por-desabasto-de-agua,19/04/2017,LaJornada,ultimas,estados,Vecinos de Ecatepec bloquean avenida por desabasto de agua,manifestación | bloqueo,Estado de México/,digital
,http://www.eluniversal.com.mx/articulo/metropoli/edomex/2017/04/20/mi-nombre-ya-esta-en-boletas-electorales-isidro-pastor,20/04/2017,ElUniversal,metropoli,edomex,Mi nombre ya está en boletas electorales: Isidro Pastor,plantón | huelga de hambre,Estado de México/,digital
,http://www.eluniversal.com.mx/articulo/metropoli/edomex/2017/04/23/elecciones-edomex-solo-seis-candidatos-participaran-en-primer,23/04/2017,ElUniversal,metropoli,edomex,Elecciones Edomex: Sólo seis candidatos participarán en primer debate,huelga de hambre,Estado de México/,digital
,http://www.eluniversal.com.mx/articulo/metropoli/edomex/2017/04/25/previo-al-debate-de-los-candidatos-al-gobierno-del-edomex,25/04/2017,ElUniversal,metropoli,edomex,"Entre protestas, llegaron candidatos por Edomex al debate",protesta | manifestación | huelga de hambre,Estado de México/,digital
,http://www.eluniversal.com.mx/articulo/metropoli/edomex/2017/04/26/isidro-pastor-cumple-8-dias-en-huelga-de-hambre?fb_comment_id=1272214222895414_1272229389560564,26/04/2017,ElUniversal,metropoli,edomex,Isidro Pastor cumple 8 días en huelga de hambre,huelga de hambre,Estado de México/,digital
,http://www.jornada.unam.mx/ultimas/2017/04/27/marchan-por-la-libertad-del-profesor-oscar-hernandez-en-texcoco,27/04/2017,LaJornada,ultimas,estados,Marchan por la libertad del profesor Óscar Hernández en Texcoco,marcha | manifestación,Estado de México/,digital
,http://www.jornada.unam.mx/ultimas/2017/04/27/pastor-medrano-levanta-huelga-de-hambre-1,27/04/2017,LaJornada,ultimas,estados,Pastor Medrano levanta huelga de hambre,protesta | huelga,Estado de México/,digital
,http://www.jornada.unam.mx/2017/04/30/politica/010n1pol,30/04/2017,LaJornada,politica,,Colectivos denuncian la omisión oficial frente a las víctimas de feminicidios. Se manifiestan para sacar la voz por nuestras asesinadas y desaparecidas. ,protesta | manifestación | toma de lugares,Estado de México/,impresa
Sí,http://www.eluniversal.com.mx/articulo/estados/2017/04/2/exigen-en-guanajuato-freno-la-violencia-contra-periodistas,02/04/2017,ElUniversal,estados,,Exigen en Guanajuato freno a la violencia contra periodistas,manifestación | demanda,Guanajuato/,digital
,http://www.jornada.unam.mx/2017/04/03/politica/003n2pol,03/04/2017,LaJornada,politica,,Periodistas de SLP y Guanajuato piden justicia por asesinatos de comunicadores. Llaman a poner un alto a agresiones contra informadores. ,manifestación | demanda,Guanajuato/,impresa
,http://www.eluniversal.com.mx/articulo/estados/2017/04/2/se-compromete-hector-astudillo-detener-el-tequilero,02/04/2017,ElUniversal,estados,,"Se compromete Héctor Astudillo a detener a ""El Tequilero""",paro de labores,Guerrero/,digital
Sí,http://www.eluniversal.com.mx/articulo/estados/2017/04/3/protestan-en-autopista-del-sol-por-agresiones-periodistas,03/04/2017,ElUniversal,estados,,Protestan en Autopista del Sol por agresiones a periodistas,protesta,Guerrero/,digital
,http://www.jornada.unam.mx/ultimas/2017/04/03/reporteros-bloquean-autopista-del-sol-repudian-violencia,03/04/2017,LaJornada,ultimas,estados,Reporteros protestan contra ataques en Autopista del Sol,protesta | manifestación | toma de lugares | bloqueo,Guerrero/,digital
,http://www.jornada.unam.mx/ultimas/2017/04/13/personal-de-salud-de-guerrero-protesta-contra-sindicato,13/04/2017,LaJornada,ultimas,estados,Personal de salud de Guerrero protesta contra sindicato,protesta | manifestación,Guerrero/,digital
,http://www.jornada.unam.mx/2017/04/17/estados/026n6est,17/04/2017,LaJornada,estados,,Protestan policías por falta de vacaciones. ,protesta | movilización,Guerrero/,impresa
,http://www.eluniversal.com.mx/articulo/estados/2017/04/21/exigen-justicia-por-asesinato-de-demetrio-saldivar,21/04/2017,ElUniversal,estados,,Exigen justicia por asesinato de Demetrio Saldívar,marcha,Guerrero/,digital
,http://www.eluniversal.com.mx/articulo/nacion/politica/2017/04/21/ven-nulo-avance-en-investigacion-de-los-43,21/04/2017,ElUniversal,nacion,politica,Ven “nulo avance” en investigación de los 43,plantón | mitin | protesta | marcha,Guerrero/,digital
,http://www.eluniversal.com.mx/articulo/estados/2017/04/25/toman-50-normalistas-radiodifusoras-y-queman-trailer-en-chilpancingo,25/04/2017,ElUniversal,estados,,Toman 50 normalistas radiodifusoras y queman tráiler en Chilpancingo,toma de lugares | protesta,Guerrero/,digital
,http://www.jornada.unam.mx/2017/04/26/politica/009n2pol,26/04/2017,LaJornada,politica,,"En respuesta al desalojo, incendian dos camiones en el municipio de Tixtla. La lucha no parará hasta encontrar a los 43 desaparecidos. ",plantón | bloqueo | toma de lugares,Guerrero/,impresa
Sí,http://www.eluniversal.com.mx/articulo/estados/2017/04/6/suspenden-arranque-de-operativo-de-semana-santa-en-ixmiquilpan,06/04/2017,ElUniversal,estados,,Suspenden arranque de operativo de Semana Santa en Ixmiquilpan,bloqueo,Hidalgo/,digital
,http://www.jornada.unam.mx/ultimas/2017/04/06/hidalgo-activistas-bloquean-la-mexico-laredo,06/04/2017,LaJornada,ultimas,estados,Hidalgo: activistas bloquean la México-Laredo,protesta | bloqueo,Hidalgo/,digital
,http://www.eluniversal.com.mx/articulo/estados/2017/04/10/inicia-viacrucis-del-migrante-mexico-no-da-refugio-acusan?fb_comment_id=1287929951298591_1288311127927140,10/04/2017,ElUniversal,estados,,"Inicia Viacrucis del Migrante; México no da refugio, acusan",caravana,Hidalgo/,digital
,http://www.eluniversal.com.mx/articulo/estados/2017/04/10/acusan-abuso-de-policias-en-cateo-domicilio-en-hidalgo,10/04/2017,ElUniversal,estados,,Acusan abuso de policías en cateo a domicilio en Hidalgo,bloqueo | demanda,Hidalgo/,digital
,http://www.jornada.unam.mx/ultimas/2017/04/16/pobladores-toman-alcaldia-de-tasquillo-hidalgo-exigen-linchar-a-ladrones,16/04/2017,LaJornada,ultimas,estados,"Pobladores toman alcaldía de Tasquillo, Hidalgo; exigen linchar a ladrones",bloqueo | demanda | toma de lugares,Hidalgo/,digital
,http://www.eluniversal.com.mx/articulo/estados/2017/04/19/activistas-se-resguardan-en-la-comision-de-derechos-humanos,19/04/2017,ElUniversal,estados,,Activistas se resguardan en la Comisión de Derechos Humanos,plantón,Hidalgo/,digital
,http://www.eluniversal.com.mx/articulo/estados/2017/04/24/deja-un-herido-rina-entre-policias-y-comerciantes-en-pachuca?fb_comment_id=1419602314774521_1419746211426798,24/04/2017,ElUniversal,estados,,Deja un herido riña entre policías y comerciantes en Pachuca,manifestación,Hidalgo/,digital
,http://www.eluniversal.com.mx/articulo/estados/2017/04/27/alistan-protesta-contra-funcionarios-en-ixmiquilpan,27/04/2017,ElUniversal,estados,,Alistan protesta contra funcionarios en Ixmiquilpan,toma de lugares | protesta | manifestación,Hidalgo/,digital
,http://www.jornada.unam.mx/2017/04/27/politica/011n2pol,27/04/2017,LaJornada,politica,,"Cumple 91 años la Normal Rural de Ayotzinapa. La institución, atenta a las inquietudes estudiantiles, afirma investigador. ",plantón,Jalisco/,impresa
,http://www.jornada.unam.mx/2017/04/02/politica/009n3pol,02/04/2017,LaJornada,politica,,Exigen en Chihuahua y Veracruz alto a las agresiones contra comunicadores. Demandan acelerar indagatorias del caso Breach Velducea. ,marcha | manifestación | protesta,Más de uno,impresa
,http://www.jornada.unam.mx/ultimas/2017/04/02/periodistas-exigen-justicia-y-respeto-a-su-trabajo-en-2-entidades,02/04/2017,LaJornada,ultimas,estados,Periodistas exigen justicia y respeto a su trabajo en 2 entidades,manifestación | protesta,Más de uno,digital
,http://www.jornada.unam.mx/2017/04/23/sociedad/028n1soc,23/04/2017,LaJornada,sociedad,,"Quienes hacen la ciencia marcharon ayer en defensa del conocimiento. Llaman a aprender de los grandes retos del país y resolverlos de manera objetiva. Se realizaron movilizaciones en Puebla, Querétaro y Morelos, en el contexto del Día de la Tierra. ",marcha | demanda | mitin,Más de uno,impresa
,http://www.eluniversal.com.mx/articulo/nacion/seguridad/2017/04/23/investigadores-y-cientificos-marchan-contra-los-recortes,23/04/2017,ElUniversal,nacion,seguridad,Investigadores y científicos marchan contra los recortes,manifestación | demanda | marcha,Más de uno,digital
,http://www.eluniversal.com.mx/articulo/estados/2017/04/8/vinculan-proceso-38-comuneros-de-nahuatzen,08/04/2017,ElUniversal,estados,,Vinculan a proceso a 38 comuneros de Nahuatzen,protesta | bloqueo,Michoacán/,digital
,http://www.jornada.unam.mx/ultimas/2017/04/11/indigenas-de-michoacan-condenan-la-agresion-policial-en-arantepacua,11/04/2017,LaJornada,ultimas,política,Indígenas de Michoacán condenan la agresión policial en Arantepacua,manifestación | toma de lugares,Michoacán/,digital
,http://www.eluniversal.com.mx/articulo/nacion/2017/04/13/liberan-comuneros-de-arantepacua,13/04/2017,ElUniversal,nacion,,Liberan a comuneros de Arantepacua,bloqueo,Michoacán/,digital
,http://www.eluniversal.com.mx/articulo/estados/2017/04/4/comuneros-queman-vehiculo-en-la-carretera-patzcuaro-uruapan,04/04/2017,ElUniversal,estados,,Comuneros queman vehículo en la carretera Pátzcuaro-Uruapan,bloqueo,Michoacán/,digital
,http://www.jornada.unam.mx/2017/04/07/politica/009n1pol,07/04/2017,LaJornada,politica,,"Comuneros de Arantepacua exigen indagatoria a fondo. Los agentes fueron emboscados , insiste jefe de la SSP. Demandan pobladores la liberación de todos los detenidos. ",protesta | manifestación,Michoacán/,impresa
,http://www.eluniversal.com.mx/articulo/estados/2017/04/7/liberan-37-comuneros-de-michoacan-se-queda-uno-en-prision,07/04/2017,ElUniversal,estados,,Liberan a 37 comuneros de Michoacán; se queda uno en prisión,bloqueo,Michoacán/,digital
,http://www.eluniversal.com.mx/articulo/estados/2017/04/12/bloquean-comuneros-carreteras-y-vias-ferreas-en-michoacan,12/04/2017,ElUniversal,estados,,Bloquean comuneros carreteras y vías férreas en Michoacán,bloqueo,Michoacán/,digital
Sí,http://www.eluniversal.com.mx/articulo/estados/2017/04/12/liberan-9-comuneros-detenidos-la-semana-pasada-en-arantepacua,12/04/2017,ElUniversal,estados,,Liberan a 9 comuneros detenidos la semana pasada en Arantepacua,toma de lugares | bloqueo,Michoacán/,digital
,http://www.jornada.unam.mx/2017/04/13/politica/008n1pol,13/04/2017,LaJornada,politica,,Quedan libres nueve comuneros michoacanos. Fueron detenidos en Arantepacua. ,protesta | bloqueo,Michoacán/,impresa
,http://www.jornada.unam.mx/ultimas/2017/04/20/miles-de-mineros-recuerdan-a-sus-companeros-muertos-en-michoacan,20/04/2017,LaJornada,ultimas,estados,Miles de mineros marchan por sus compañeros muertos en Michoacán,huelga | marcha | manifestación,Michoacán/,digital
Sí,http://www.eluniversal.com.mx/articulo/estados/2017/04/26/indigenas-exigen-la-liberacion-de-detenidos-en-morelia,26/04/2017,ElUniversal,estados,,Indígenas exigen la liberación de detenidos en Morelia,manifestación | marcha,Michoacán/,digital
,http://www.jornada.unam.mx/ultimas/2017/04/26/cnte-e-indigenas-marchan-en-morelia,26/04/2017,LaJornada,ultimas,estados,CNTE e indígenas marchan en Morelia,marcha | bloqueo,Michoacán/,digital
,http://www.jornada.unam.mx/2017/04/01/estados/026n1est,01/04/2017,LaJornada,estados,,"Con 8 meses de retraso, reabre Autopista del Sol, ampliada de 4 a 10 carriles. En Cuernavaca, vecinos protestan por los daños generados a sus casas, algunas cortadas. Falta reparar tuberías de agua, drenaje y luz, afectadas por las obras y terminar muro de contención. ",protesta | demanda,Morelos/,impresa
,http://www.eluniversal.com.mx/articulo/estados/2017/04/4/colocan-banderas-de-huelga-en-planta-nissan-de-cuernavaca,04/04/2017,ElUniversal,estados,,Colocan banderas de huelga en planta Nissan de Cuernavaca,huelga,Morelos/,digital
Sí,http://www.eluniversal.com.mx/articulo/estados/2017/04/5/sindicato-de-nissan-rechaza-alza-y-va-huelga,05/04/2017,ElUniversal,estados,,Sindicato de Nissan rechaza alza y va a huelga,huelga,Morelos/,digital
,http://www.jornada.unam.mx/2017/04/06/politica/017n1pol,06/04/2017,LaJornada,politica,,Se mantiene la huelga en Nissan Mexicana; ofrecen 4% de aumento. Los trabajadores pretenden obtener un alza salarial de 5.5 por ciento. ,huelga,Morelos/,impresa
,http://www.jornada.unam.mx/2017/04/08/politica/015n3pol,08/04/2017,LaJornada,politica,,Levantan huelga en planta de Nissan en Morelos. Trabajadores aceptan aumento de 4.5%. ,huelga,Morelos/,impresa
,http://www.eluniversal.com.mx/articulo/estados/2017/04/8/finaliza-huelga-en-nissan-aceptan-45-de-incremento,08/04/2017,ElUniversal,estados,,"Finaliza huelga en Nissan, aceptan 4.5% de incremento",demanda | huelga,Morelos/,digital
,http://www.eluniversal.com.mx/articulo/nacion/sociedad/2017/04/9/nissan-y-sindicato-acuerdan-reanudar-actividades-en-morelos,09/04/2017,ElUniversal,nacion,sociedad,Nissan y sindicato acuerdan reanudar actividades en Morelos,huelga,Morelos/,digital
,http://www.eluniversal.com.mx/articulo/estados/2017/04/28/evangelicos-arropan-al-cuau-quieren-que-sea-gobernador,28/04/2017,ElUniversal,estados,,"Evangélicos arropan al Cuau , quieren que sea gobernador",bloqueo,Morelos/,digital
,http://www.eluniversal.com.mx/articulo/estados/2017/04/7/atribuyen-protesta-en-topo-chico-reportaje-sobre-cobro-de-piso,07/04/2017,ElUniversal,estados,,Atribuyen protesta en Topo Chico a reportaje sobre cobro de piso,protesta,Nuevo León/,digital
,http://www.eluniversal.com.mx/articulo/estados/2017/04/2/acusan-muerte-por-negligencia-medica-en-parto,02/04/2017,ElUniversal,estados,,Acusan muerte por negligencia médica en parto,protesta | mitin | marcha,Oaxaca/,digital
,http://www.eluniversal.com.mx/articulo/estados/2017/04/4/policias-toman-palacio-municipal-y-declaran-paro-laboral-en-oaxaca,04/04/2017,ElUniversal,estados,,"Policías ""toman"" Palacio Municipal y declaran paro laboral en Oaxaca",toma de lugares | paro de labores | demanda,Oaxaca/,digital
Sí,http://www.eluniversal.com.mx/articulo/estados/2017/04/5/cnte-arrecia-protestas-y-toma-centros-comerciales-en-oaxaca,05/04/2017,ElUniversal,estados,,CNTE arrecia protestas y toma centros comerciales en Oaxaca,demanda | protesta | bloqueo,Oaxaca/,digital
,http://www.jornada.unam.mx/2017/04/06/sociedad/037n1soc,06/04/2017,LaJornada,sociedad,,"Autoridades de Oaxaca y la CNTE acuerdan la instalación de una mesa de negociación. El encuentro se realizará mañana y será encabezado por el gobernador Alejandro Murat. Los profesores, apoyados por normalistas, realizaron varios bloqueos en la capital oaxaqueña. ",demanda | protesta | movilización | marcha | bloqueo,Oaxaca/,impresa
,http://www.eluniversal.com.mx/articulo/estados/2017/04/8/transportistas-y-empresarios-protagonizan-gresca-en-oaxaca,08/04/2017,ElUniversal,estados,,Transportistas y empresarios protagonizan gresca en Oaxaca,protesta | huelga,Oaxaca/,digital
,http://www.eluniversal.com.mx/articulo/estados/2017/04/10/con-marchas-y-protestas-conmemoran-emiliano-zapata-en-oaxaca,10/04/2017,ElUniversal,estados,,Con marchas y protestas conmemoran a Emiliano Zapata en Oaxaca,marcha | boicot | protesta | demanda | mitin,Oaxaca/,digital
,http://www.jornada.unam.mx/ultimas/2017/04/10/cumple-dos-dias-bloqueo-carretero-en-el-istmo-de-tehuantepec,10/04/2017,LaJornada,ultimas,estados,Cumple dos días bloqueo carretero en el Istmo de Tehuantepec,bloqueo | manifestación,Oaxaca/,digital
,http://www.eluniversal.com.mx/articulo/estados/2017/04/11/plantea-parte-patronal-liquidar-choferes-en-huelga-en-oaxaca,11/04/2017,ElUniversal,estados,,Plantea parte patronal liquidar a choferes en huelga en Oaxaca,manifestación | huelga,Oaxaca/,digital
,http://www.eluniversal.com.mx/articulo/estados/2017/04/12/proponen-resolver-paro-de-choferes-con-liquidacion,12/04/2017,ElUniversal,estados,,Proponen resolver paro de choferes con liquidación,manifestación | huelga,Oaxaca/,digital
,http://www.jornada.unam.mx/2017/04/16/politica/007n3pol,16/04/2017,LaJornada,politica,,Solalinde recibe a caravana de migrantes. ,manifestación | caravana,Oaxaca/,impresa
,http://www.jornada.unam.mx/2017/04/17/politica/010n1pol,17/04/2017,LaJornada,politica,,El Viacrucis de migrantes avanza a Veracruz. ,caravana,Oaxaca/,impresa
,http://www.eluniversal.com.mx/articulo/estados/2017/04/19/toman-12-autobuses-y-amagan-con-realizar-huelga-en-uabjo,19/04/2017,ElUniversal,estados,,Toman 12 autobuses y amagan con realizar huelga en UABJO,huelga,Oaxaca/,digital
Sí,http://www.eluniversal.com.mx/articulo/estados/2017/04/20/pobladores-exigen-combate-sequia-en-oaxaca-bloquean-carretera,20/04/2017,ElUniversal,estados,,Pobladores exigen combate a sequía en Oaxaca; bloquean carretera,manifestación | bloqueo | demanda,Oaxaca/,digital
,http://www.jornada.unam.mx/2017/04/21/estados/028n7est,21/04/2017,LaJornada,estados,,Demandan agua en Jalapa del Marqués. ,manifestación | bloqueo,Oaxaca/,impresa
,http://www.eluniversal.com.mx/articulo/estados/2017/04/21/acuerdan-levantar-paro-de-transporte-en-oaxaca,21/04/2017,ElUniversal,estados,,Acuerdan levantar paro de transporte en Oaxaca,paro de labores | huelga,Oaxaca/,digital
Sí,http://www.eluniversal.com.mx/articulo/estados/2017/04/23/detienen-11-campesinos-que-bloqueaban-acceso-parque-eolico,23/04/2017,ElUniversal,estados,,Detienen a 11 campesinos que bloqueaban acceso a parque eólico,toma de lugares | demanda | bloqueo,Oaxaca/,digital
,http://www.jornada.unam.mx/2017/04/24/estados/025n1est,24/04/2017,LaJornada,estados,,"Aprehenden a 11 ejidatarios por bloquear entrada a parque eólico. Reclamaban pagos de $30 mil y desde hacía dos meses habían paralizado turbinas. La empresa EDF interpuso denuncia ante la fiscalía del Oaxaca Se desconoce el paradero de los detenidos Encargada de Gobierno ofrece mediar Este lunes iba a firmarse acuerdo, señalan. ",bloqueo | demanda | manifestación | protesta,Oaxaca/,impresa
Sí,http://www.eluniversal.com.mx/articulo/estados/2017/04/24/desalojan-bloqueo-parque-eolico-arrestan-once,24/04/2017,ElUniversal,estados,,Desalojan bloqueo a parque eólico; arrestan a once,demanda | bloqueo,Oaxaca/,digital
,http://www.eluniversal.com.mx/articulo/estados/2017/04/24/campesinos-de-puente-de-madera-bloquean-carretera-panamericana-en-oaxaca,24/04/2017,ElUniversal,estados,,Campesinos de Puente de Madera bloquean carretera Panamericana en Oaxaca,bloqueo,Oaxaca/,digital
,http://www.jornada.unam.mx/2017/04/25/estados/026n1est,25/04/2017,LaJornada,estados,,Acusan a líderes de ejidatarios de extorsionar a empresas eólicas. Los detenidos en el Istmo fueron manipulados : gobierno estatal. ,bloqueo | demanda,Oaxaca/,impresa
,http://www.eluniversal.com.mx/articulo/estados/2017/04/25/por-falta-de-agua-bloquean-carretera-en-tehuantepec,25/04/2017,ElUniversal,estados,,"Por falta de agua, bloquean carretera en Tehuantepec",demanda | bloqueo | marcha,Oaxaca/,digital
,http://www.eluniversal.com.mx/articulo/estados/2017/04/26/campesinos-bloquean-la-carretera-panamericana,26/04/2017,ElUniversal,estados,,Campesinos bloquean la carretera Panamericana,bloqueo,Oaxaca/,digital
,http://www.eluniversal.com.mx/articulo/estados/2017/04/26/arriba-al-istmo-de-tehuantepec-primer-vuelo-de-la-cdmx,26/04/2017,ElUniversal,estados,,"Arriba al Istmo de Tehuantepec, primer vuelo de la CDMX",manifestación | bloqueo,Oaxaca/,digital
,http://www.eluniversal.com.mx/articulo/estados/2017/04/26/reclaman-justicia-familiares-de-cinco-asesinados-en-oaxaca,26/04/2017,ElUniversal,estados,,Reclaman justicia familiares de cinco asesinados en Oaxaca,protesta | demanda,Oaxaca/,digital
,http://www.eluniversal.com.mx/articulo/estados/2017/04/27/se-intensifican-marchas-y-bloqueos-en-oaxaca,27/04/2017,ElUniversal,estados,,Se intensifican marchas y bloqueos en Oaxaca,protesta | demanda | bloqueo | marcha,Oaxaca/,digital
,http://www.eluniversal.com.mx/articulo/estados/2017/04/28/tenia-16-anos-fue-victima-de-un-conflicto-agrario,28/04/2017,ElUniversal,estados,,Tenía 16 años; fue víctima de un conflicto agrario,protesta,Oaxaca/,digital
,http://www.eluniversal.com.mx/articulo/estados/2017/04/28/tzotziles-en-huelga-de-hambre-alcaldia-les-adeuda-13-quincenas,28/04/2017,ElUniversal,estados,,"Tzotziles, en huelga de hambre; alcaldía les adeuda 13 quincenas",plantón | demanda | huelga de hambre,Oaxaca/,digital
,http://www.eluniversal.com.mx/articulo/estados/2017/04/29/impide-seccion-22-evaluaciones-magisteriales-en-oaxaca,29/04/2017,ElUniversal,estados,,Impide Sección 22 evaluaciones magisteriales en Oaxaca,manifestación,Oaxaca/,digital
,http://www.eluniversal.com.mx/articulo/estados/2017/04/14/se-crucifica-en-congreso-de-puebla?fb_comment_id=1697703490256722_1697756236918114,14/04/2017,ElUniversal,estados,,"Se ""crucifica"" en Congreso de Puebla",plantón | protesta,Puebla/,digital
,http://www.jornada.unam.mx/2017/04/21/politica/014n4pol,21/04/2017,LaJornada,politica,,Primera audiencia de docentes despedidos por cuestionar reforma. ,protesta,Quintana Roo/,impresa
,http://www.jornada.unam.mx/2017/04/26/estados/030n4est,26/04/2017,LaJornada,estados,,La Secretaría de Salud de Sinaloa fue saqueada. ,manifestación,Sinaloa/,impresa
,http://www.eluniversal.com.mx/articulo/estados/2017/04/27/tiene-uber-conflictos-en-11-entidades,27/04/2017,ElUniversal,estados,,Tiene Uber conflictos en 11 entidades,bloqueo,Sinaloa/,digital
,http://www.jornada.unam.mx/2017/04/01/estados/025n2est,01/04/2017,LaJornada,estados,,Reportan varios heridos y detenidos por desalojo carretero en Sonora. Transportistas bloquearon para exigir devolución de sus concesiones. ,manifestación | demanda | bloqueo,Sonora/,impresa
Sí,http://www.eluniversal.com.mx/articulo/estados/2017/04/1/desalojan-manifestantes-con-gas-lacrimogeno,01/04/2017,ElUniversal,estados,,Desalojan a manifestantes con gas lacrimógeno,manifestación | bloqueo | protesta,Sonora/,digital
,http://www.jornada.unam.mx/2017/04/02/estados/025n1est,02/04/2017,LaJornada,estados,,Liberan a 37 detenidos por bloquear carretera en Sonora. El viernes protestaban para exigir devolución de concesiones de transporte. ,manifestación | protesta | bloqueo,Sonora/,impresa
Sí,http://www.eluniversal.com.mx/articulo/estados/2017/04/3/trabajadores-de-la-universidad-de-sonora-realizan-paro-de-labores,03/04/2017,ElUniversal,estados,,Trabajadores de la Universidad de Sonora realizan paro de labores,paro de labores | marcha,Sonora/,digital
,http://www.jornada.unam.mx/ultimas/2017/04/03/sindicalizados-cierran-campus-de-unison,03/04/2017,LaJornada,ultimas,estados,Sindicalizados cierran campus de Unison,huelga,Sonora/,digital
,http://www.eluniversal.com.mx/articulo/estados/2017/04/4/piden-sindicatos-de-universidad-de-sonora-apoyo-para-no-estallar-en,04/04/2017,ElUniversal,estados,,Piden sindicatos de Universidad de Sonora apoyo para no estallar en huelga,manifestación | demanda | protesta | huelga,Sonora/,digital
Sí,http://www.eluniversal.com.mx/articulo/estados/2017/04/4/toman-mineros-junta-federal-de-conciliacion-y-arbitraje-en-hermosillo,04/04/2017,ElUniversal,estados,,Toman mineros Junta Federal de Conciliación y Arbitraje en Hermosillo,protesta | demanda | bloqueo | huelga,Sonora/,digital
,http://www.jornada.unam.mx/2017/04/05/estados/028n1est,05/04/2017,LaJornada,estados,,Paro de personal de limpia en hospitales públicos de Sonora. Les deben cuatro quincenas; empresa aduce que el gobierno estatal no le ha pagado. El secretario de Salud reconoce dificultades para cubrir adeudos a proveedores de servicios Médicos organizan colectas para ayudar a intendentes Reportan desabasto de medicamentos. ,demanda | protesta,Sonora/,impresa
,http://www.jornada.unam.mx/2017/04/05/estados/030n4est,05/04/2017,LaJornada,estados,,Exigen destrabar huelga en Sonora. ,demanda | bloqueo | huelga,Sonora/,impresa
,http://www.eluniversal.com.mx/articulo/estados/2017/04/8/sacan-trapitos-del-rector-de-la-universidad-de-sonora?fb_comment_id=1544991958879609_1545744095471062,08/04/2017,ElUniversal,estados,,Sacan trapitos del rector de la Universidad de Sonora,paro de labores | demanda,Sonora/,digital
,http://www.eluniversal.com.mx/articulo/estados/2017/04/19/gobierno-recupera-control-de-caseta-de-cobro-en-hermosillo,19/04/2017,ElUniversal,estados,,Gobierno recupera control de caseta de cobro en Hermosillo,manifestación | protesta,Sonora/,digital
,http://www.jornada.unam.mx/ultimas/2017/04/25/realizan-huelga-de-hambre-por-subsidio-a-la-tarifa-de-electricidad-en-sonora,25/04/2017,LaJornada,ultimas,estados,Con huelga de hambre exigen subsidio a tarifas eléctricas en Sonora,huelga | protesta | manifestación | marcha | demanda,Sonora/,digital
,http://www.jornada.unam.mx/2017/04/27/estados/026n2est,27/04/2017,LaJornada,estados,,Dos sonorenses cumplen 10 días en ayuno por altas tarifas de CFE. ,manifestación | protesta | demanda | huelga | marcha,Sonora/,impresa
Sí,http://www.eluniversal.com.mx/articulo/estados/2017/04/24/tabasco-garantiza-seguridad-tras-paro-de-policias,24/04/2017,ElUniversal,estados,,Tabasco garantiza seguridad tras paro de policías,paro de labores | protesta | manifestación | toma de lugares,Tabasco/,digital
,http://www.jornada.unam.mx/ultimas/2017/04/24/policias-realizan-paro-de-labores-en-tabasco,24/04/2017,LaJornada,ultimas,estados,Policías realizan paro de labores en Tabasco,manifestación | paro de labores | demanda,Tabasco/,digital
,http://www.jornada.unam.mx/ultimas/2017/04/27/policias-levantan-paro-de-labores-en-tabasco,27/04/2017,LaJornada,ultimas,estados,Policías levantan paro de labores en Tabasco,manifestación | toma de lugares | paro de labores | demanda,Tabasco/,digital
,http://www.eluniversal.com.mx/articulo/estados/2017/04/29/recuperan-autoridades-edificio-de-la-ssp-en-tabasco,29/04/2017,ElUniversal,estados,,Recuperan autoridades edificio de la SSP en Tabasco,toma de lugares | manifestación,Tabasco/,digital
,http://www.eluniversal.com.mx/articulo/estados/2017/04/3/microbuseros-exigen-aumento-de-tarifa-en-ciudad-victoria,03/04/2017,ElUniversal,estados,,Microbuseros exigen aumento de tarifa en Ciudad Victoria,protesta | caravana,Tamaulipas/,digital
Sí,http://www.eluniversal.com.mx/articulo/nacion/sociedad/2017/04/8/cubanos-varados-en-mexico-piden-entrar-eu?fb_comment_id=1020965894671773_1020998088001887,08/04/2017,ElUniversal,nacion,sociedad,Cubanos varados en México piden entrar a EU,manifestación,Tamaulipas/,digital
,http://www.jornada.unam.mx/2017/04/09/politica/013n3pol,09/04/2017,LaJornada,politica,,"Cubanos protestan en Nuevo Laredo en demanda de definición de EU. Un grupo intentó cruzar la frontera, pero se le bloqueó el paso. ",protesta | bloqueo | demanda,Tamaulipas/,impresa
,http://www.eluniversal.com.mx/articulo/nacion/politica/2017/04/23/ni-perdon-ni-olvido-reclaman-familiares-de-desaparecidos,23/04/2017,ElUniversal,nacion,politica,"Ni perdón ni olvido, reclaman familiares de desaparecidos",manifestación,Tamaulipas/,digital
,http://www.jornada.unam.mx/2017/04/01/politica/010n2pol,01/04/2017,LaJornada,politica,,"Protestan por sentencias absurdas , como la emitida en favor de un Porky. Jóvenes que apoyan a Daphne se manifestaron en el CJF. ",manifestación | protesta,Veracruz/,impresa
,http://www.eluniversal.com.mx/articulo/estados/2017/04/3/trabajadores-protestan-contra-yunes-por-falta-de-pagos,03/04/2017,ElUniversal,estados,,Trabajadores protestan contra Yunes por falta de pagos,toma de lugares | protesta | manifestación,Veracruz/,digital
,http://www.jornada.unam.mx/2017/04/23/politica/008n1pol,23/04/2017,LaJornada,politica,,Protestan contra Javier Duarte cuatro madres de desaparecidos. Exigen la pronta extradición del ex gobernador. Debes miles de muertes y ausencias en Veracruz. ,manifestación,Veracruz/,impresa
,http://www.jornada.unam.mx/2017/04/27/estados/026n1est,27/04/2017,LaJornada,estados,,Cita PGR a ejidatarios opositores a proyecto de Odebrecht en Veracruz. Los acusan de despojo ante el fuero federal; mantienen campamento contra una presa. El grupo de Javier Duarte de Ochoa está moviendo sus influencias para sacar adelante las obras: abogado Explotación del río Jalcomulco para abastecer a Xalapa divide a pobladores. ,campamento | demanda,Veracruz/,impresa
,http://www.eluniversal.com.mx/articulo/estados/2017/04/1/realizan-marcha-silenciosa-por-el-asesinato-de-emma-gabriela-en-merida,01/04/2017,ElUniversal,estados,,Realizan marcha silenciosa por el asesinato de Emma Gabriela en Mérida,protesta | demanda | plantón | manifestación | marcha,Yucatán/,digital
,http://www.eluniversal.com.mx/articulo/estados/2017/04/3/indigente-protesta-desnudo-en-plaza-de-merida,03/04/2017,ElUniversal,estados,,Indigente protesta desnudo en plaza de Mérida,protesta,Yucatán/,digital
