URL noticia,Palabra clave hallada,Periódico,Fecha de publicación,Título,Estado involucrado,Sección en el diario
http://www.24-horas.mx/caravana-por-ayotzinapa-va-por-nueva-busqueda-de-los-43-en-iguala/,caravana,24Horas,03/03/2016,Caravana por Ayotzinapa va por nueva búsqueda de los 43 en ...,Guerrero,
http://www.24-horas.mx/maestros-de-la-seccion-22-marchan-en-oaxaca-contra-visita-de-pena-nieto/,protesta,24Horas,03/03/2016,"En medio de protesta de la CNTE, Peña Nieto inaugura central ...",Oaxaca,
http://www.24-horas.mx/mineros-estallan-huelga-en-arcelormittla-en-michoacan-por-presuntos-despidos-injustificados/,huelga,24Horas,04/03/2016,Mineros estallan huelga en ArcelorMittal en Michoacán por ...,Michoacán,
http://www.24-horas.mx/desquician-transportistas-con-bloqueos-en-vialidades-de-huixquilucan-hay-caos-vial/,bloqueo,24Horas,07/03/2016,Desquician transportistas con bloqueos en vialidades de ...,Estado de México,
http://www.24-horas.mx/cnte-marcha-del-auditorio-nacional-a-segob/,marcha,24Horas,11/03/2016,Marcha de la CNTE llega a Segob; se restablece circulación en ...,Ciudad de México,
http://www.24-horas.mx/padres-de-desaparecidos-en-tierra-blanca-continuaran-con-planton-caso-se-esta-enfriando-acusan/,planton,24Horas,11/03/2016,Padres de desaparecidos en Tierra Blanca continuarán con plantón ...,Veracruz,
http://www.24-horas.mx/mirreyes-avientan-un-bmw-a-manifestantes-en-primaria-de-chilpancingo/,manifestacion,24Horas,14/03/2016,Mirreyes avientan un BMW a manifestantes en primaria de ...,Guerrero,
http://www.24-horas.mx/movilizaciones-magisteriales-en-oaxaca-no-afectaron-a-escuelas-confirma-sep/,movilizacion,24Horas,14/03/2016,Movilizaciones magisteriales en Oaxaca no afectaron a escuelas ...,Oaxaca,
http://www.24-horas.mx/seccion-22-marcha-en-oaxaca-exigen-que-companeros-desaparecidos-sean-presentados-con-vida/,marcha,24Horas,18/03/2016,Sección 22 marcha en Oaxaca; exigen que compañeros ...,Oaxaca,
http://www.24-horas.mx/campesinos-bloquean-carretera-federal-en-iguala-exigen-granos-y-ayudas/,bloqueo,24Horas,28/03/2016,Campesinos bloquean hora y media carretera federal en Iguala ...,Guerrero,
http://www.24-horas.mx/bloqueo-carretero-en-uruapan-derivo-en-enfrentamiento-hay-seis-detenidos-y-dos-heridos/,bloqueo,24Horas,29/03/2016,Bloqueo carretero en Uruapan derivó en enfrentamiento; hay seis ...,Michoacán,
http://aristeguinoticias.com/0403/mexico/aparecen-hermanas-de-el-chapo-en-penal-otros-inician-huelga-de-hambre/,huelga,Aristegui,04/03/2016,Aparecen hermanas de 'El Chapo' en penal; otros inician huelga de ...,Estado de México,
http://aristeguinoticias.com/0703/mexico/en-plena-iglesia-de-oaxaca-protestan-contra-proteccion-de-sacerdote-pederasta-fotos/,protesta,Aristegui,07/03/2016,"En plena Iglesia de Oaxaca, protestan contra protección de ...",Oaxaca,
http://aristeguinoticias.com/1703/mexico/protestan-afuera-de-pgr-a-6-anos-del-asesinato-de-dos-estudiantes-del-tec/,protesta,Aristegui,17/03/2016,"Protestan afuera de PGR, a 6 años del asesinato de dos estudiantes ...",Ciudad de México,
http://aristeguinoticias.com/2303/mexico/protestan-trans-contra-xochitl-y-arne-fotos/,protesta,Aristegui,23/03/2016,Protestan 'trans' contra Xóchitl y Arne (Fotos) - Aristegui Noticias,Ciudad de México,
http://yucatan.com.mx/yucatan/ciudadanos-y-comunidades-yucatan/protestan-en-hunxectaman,protesta,DiarioDeYucatan,01/03/2016,Protestan en Hunxectamán - El Diario de Yucatán,Yucatán,
http://yucatan.com.mx/mexico/huelga-por-el-chapo,huelga,DiarioDeYucatan,05/03/2016,Huelga por “El Chapo”,Estado de México,
http://yucatan.com.mx/yucatan/planton-por-agresiones,planton,DiarioDeYucatan,05/03/2016,Plantón por agresiones,Yucatán,
http://yucatan.com.mx/yucatan/rinde-frutos-la-protesta,protesta,DiarioDeYucatan,06/03/2016,Rinde frutos la protesta,Yucatán,
http://yucatan.com.mx/merida/medio-ambiente-merida/nueva-protesta-por-las-corridas,protesta,DiarioDeYucatan,07/03/2016,Nueva protesta por las corridas,Yucatán,
http://yucatan.com.mx/yucatan/hunucma/bloquean-acceso-a-sisal,bloqueo,DiarioDeYucatan,07/03/2016,Bloquean acceso a Sisal - El Diario de Yucatán,Yucatán,
http://yucatan.com.mx/mexico/accidentes-mexico/trifulca-en-un-planton-contra-uber-en-jalisco,planton,DiarioDeYucatan,09/03/2016,Trifulca en un plantón contra Uber en Jalisco,Jalisco,
http://yucatan.com.mx/yucatan/ticul/protesta-estudiantil-4,protesta,DiarioDeYucatan,10/03/2016,Protesta estudiantil,Yucatán,
http://yucatan.com.mx/yucatan/motul/protestan-en-motul-2,protesta,DiarioDeYucatan,10/03/2016,El Diario de Yucatán,Yucatán,
http://yucatan.com.mx/yucatan/tzucacab/manifestacion-de-orgullo,manifestacion,DiarioDeYucatan,11/03/2016,Manifestación de orgullo - El Diario de Yucatán,Yucatán,
http://yucatan.com.mx/yucatan/perjuicios-por-otro-bloqueo,bloqueo,DiarioDeYucatan,13/03/2016,Perjuicios por otro bloqueo,Yucatán,
http://yucatan.com.mx/merida/ciudadanos/un-insolito-planton-en-la-plaza-grande,planton,DiarioDeYucatan,17/03/2016,Un insólito plantón en la Plaza Grande,Yucatán,
http://yucatan.com.mx/merida/economia-merida/protestan-por-caso-crecicuentas,protesta,DiarioDeYucatan,18/03/2016,Protestan por caso Crecicuentas,Yucatán,
https://www.debate.com.mx/mazatlan/Trabajadores-del-CIAD-se-declaran-en-huelga--20160301-0033.html,huelga,ElDebate,01/03/2016,Trabajadores del CIAD se declaran en huelga,Sonora,mazatlan
https://www.debate.com.mx/mazatlan/Estalla-huelga-del-sindicato-20160302-0030.html,huelga,ElDebate,02/03/2016,Felton recoge la basura por la huelga del sindicato,Sinaloa,mazatlan
https://www.debate.com.mx/guasave/Protestan-trabajadores-del-Hospital-General-20160303-0069.html,protesta,ElDebate,03/03/2016,Protestan trabajadores del Hospital General,Sinaloa,
https://www.debate.com.mx/mexico/Huelga-de-hambre-por-El-Chapo-20160304-0136.html,huelga,ElDebate,04/03/2016,Huelga de hambre por El Chapo,Estado de México,
https://www.debate.com.mx/guasave/Sindicos-municipales-protestan-en-presidencia-20160304-0065.html,protesta,ElDebate,04/03/2016,Síndicos municipales protestan en presidencia,Sinaloa,
https://www.debate.com.mx/guasave/Protestan-y-exigen-que--Leyson-les-de-la-cara-20160304-0043.html,protesta,ElDebate,04/03/2016,Protestan y exigen que Leyson les de la cara,Sinaloa,
https://www.debate.com.mx/losmochis/Aliancistas-bloquean-acceso-de-concretera-20160309-0209.html,bloqueo,ElDebate,09/03/2016,Aliancistas bloquean acceso de concretera,Sinaloa,losmochis
https://www.debate.com.mx/sinaola/Camioneros-bloquean-la-carretera-de-Matatan-Palmarito-20160314-0075.html,bloqueo,ElDebate,14/03/2016,Camioneros bloquean la carretera de Matatán-Palmarito,Sinaloa,
https://www.debate.com.mx/sinaola/Camioneros-siguen-en-protesta-en-Chilillos-20160316-0095.html,protesta,ElDebate,16/03/2016,Camioneros siguen en protesta en Chilillos,Sinaloa,
https://www.debate.com.mx/losmochis/Jubilados-protestan-y-exigen-su-fideicomiso-20160317-0133.html,protesta,ElDebate,17/03/2016,Jubilados protestan y exigen su fideicomiso,Sinaloa,losmochis
https://www.debate.com.mx/mazatlan/Maestros-protestan-en-el-malecon--20160319-0060.html,protesta,ElDebate,19/03/2016,Maestros protestan en el malecón,Sinaloa,mazatlan
https://www.debate.com.mx/guasave/Sindicato-realiza-planton-y-se-retira-tras-firmar-acuerdos-20160331-0016.html,planton,ElDebate,31/03/2016,Sindicato realiza plantón y se retira tras firmar acuerdos,Sinaloa,
https://www.debate.com.mx/losmochis/Protestan-empleados-del-Cecjude-de-Felipe-Angeles-20160331-0025.html,protesta,ElDebate,31/03/2016,Protestan empleados del Cecjude de Felipe Ángeles,Sinaloa,losmochis
http://diario.mx/Nacional/2016-03-01_fdad8ea7/con-protesta-tarahumaras-exigen-derechos/,protesta,ElDiarioDeJuarez,01/03/2016,Con protesta tarahumaras exigen derechos,Ciudad de México,nacional
http://diario.mx/Nacional/2016-03-02_afeec62d/cierran-via-por-desabasto-de-maiz-en-chiapas/,bloqueo_vialidad,ElDiarioDeJuarez,02/03/2016,Cierran vía por desabasto de maíz en Chiapas,Chiapas,nacional
http://diario.mx/Estado/2016-03-03_680d4b49/bloquean-campesinos-calles-frente-a-palacio-de-gobierno/,bloqueo,ElDiarioDeJuarez,03/03/2016,Bloquean campesinos calles frente a Palacio de Gobierno,Chihuahua,estado
http://diario.mx/Nacional/2016-03-03_df7eb1cf/bloquean-via-por-visita-de-pena-a-oaxaca/,bloqueo,ElDiarioDeJuarez,03/03/2016,Bloquean vía por visita de Peña a Oaxaca,Oaxaca,nacional
http://diario.mx/Nacional/2016-03-07_7ee47203/bloquean-transportistas-vias-en-edomex/,bloqueo,ElDiarioDeJuarez,07/03/2016,Bloquean transportistas vías en Edomex,Estado de México,nacional
http://diario.mx/Nacional/2016-03-07_84fae746/termina-huelga-en-universidad-michoacana/,huelga,ElDiarioDeJuarez,07/03/2016,Termina huelga en Universidad Michoacana,Michoacán,nacional
http://diario.mx/Nacional/2016-03-08_1c74bfe6/protestan-por-feminicidios-en-queretaro/,protesta,ElDiarioDeJuarez,08/03/2016,Protestan por feminicidios en Querétaro,Querétaro,nacional
http://diario.mx/Estado/2016-03-09_8933b4e3/mantienen-campesinos-planton-pese-al-frio/,planton,ElDiarioDeJuarez,09/03/2016,"Mantienen campesinos plantón, pese al frío",Chihuahua,estado
http://diario.mx/Nacional/2016-03-10_4e0be19d/protesta-cnte_michoacan-contra-despidos/,protesta,ElDiarioDeJuarez,10/03/2016,Protesta CNTE-Michoacán contra despidos,Michoacán,nacional
http://diario.mx/Local/2016-03-14_34577460/trasladan-a-hospital-a-maestra-en-huelga-de-hambre/,huelga,ElDiarioDeJuarez,14/03/2016,Trasladan a hospital a maestra en huelga de hambre,Chihuahua,local
http://diario.mx/Nacional/2016-03-14_4502be78/cita-cnte-a-protesta-en-casa-del-gobernador-de-oaxaca/,protesta,ElDiarioDeJuarez,14/03/2016,Cita CNTE a protesta en casa del gobernador de Oaxaca,Oaxaca,nacional
http://diario.mx/Local/2016-03-15_81d67009/desde-hospital-continua-maestra-huelga-de-hambre/,huelga,ElDiarioDeJuarez,15/03/2016,"Desde hospital, continúa maestra huelga de hambre",Chihuahua,local
http://diario.mx/Local/2016-03-15_567c03ac/protestan-padres-de-familia-contra-director-de-primaria/,protesta,ElDiarioDeJuarez,15/03/2016,Protestan padres de familia contra director de primaria,Chihuahua,local
http://diario.mx/Local/2016-03-16_470b95e6/reinstalaran-a-profesora-tras-huelga/,huelga,ElDiarioDeJuarez,16/03/2016,Reinstalarán a profesora tras huelga,Chihuahua,local
http://diario.mx/Local/2016-03-16_ed7d9085/protestan-maestros-por-retencion-de-sueldos/,protesta,ElDiarioDeJuarez,16/03/2016,Protestan maestros por retención de sueldos,Chihuahua,local
http://diario.mx/Local/2016-03-17_f178ef43/se-agrava-salud-de-maestra-en-huelga/,huelga,ElDiarioDeJuarez,17/03/2016,Se agrava salud de maestra en huelga,Chihuahua,local
http://diario.mx/Local/2016-03-17_5f99ee9d/protestan-periodistas-por-citatorio-a-reportero/,protesta,ElDiarioDeJuarez,17/03/2016,Protestan periodistas por citatorio a reportero,Chihuahua,local
http://diario.mx/Local/2016-03-19_1878a5e1/con-marcha-piden-justicia-para-yesenia/,marcha,ElDiarioDeJuarez,19/03/2016,"Con marcha, piden justicia para Yesenia",Chihuahua,local
http://diario.mx/Estado/2016-03-23_32e95628/bloquean-avenidas-en-chihuahua-por-paro-de-camioneros/,bloqueo,ElDiarioDeJuarez,23/03/2016,Bloquean avenidas en Chihuahua por paro de camioneros,Chihuahua,estado
http://diario.mx/Local/2016-03-23_db1c904a/maestra-en-huelga-lleva-protesta-hasta-el-congreso/,protesta,ElDiarioDeJuarez,23/03/2016,Maestra en huelga lleva protesta hasta el Congreso,Chihuahua,local
http://diario.mx/Local/2016-03-28_0ee93ece/gritos-y-empujones-entre-maestros-y-policias-tras-protesta/,protesta,ElDiarioDeJuarez,28/03/2016,Gritos y empujones entre maestros y policías tras protesta,Chihuahua,local
http://diario.mx/Nacional/2016-03-28_db06ae45/protestan-para-exigir-justicia-para-menor-violada-en-veracruz/,protesta,ElDiarioDeJuarez,28/03/2016,Protestan para exigir justicia para menor violada en Veracruz,Veracruz,nacional
http://diario.mx/Local/2016-03-29_5fe3b2a1/retiran-maestros-planton-de-oficinas-de-gobierno/,planton,ElDiarioDeJuarez,29/03/2016,Retiran maestros plantón de oficinas de Gobierno,Chihuahua,local
http://diario.mx/Estado/2016-03-30_bf7892c2/protestan-en-chihuahua-contra-las-corridas-de-toros/,protesta,ElDiarioDeJuarez,30/03/2016,Protestan en Chihuahua contra las corridas de toros,Chihuahua,estado
http://diario.mx/Estado/2016-03-31_ad548246/bloquean-barzonistas-vias-del-ferrocarril-en-cuauhtemoc/,bloqueo,ElDiarioDeJuarez,31/03/2016,Bloquean barzonistas vías del ferrocarril en Cuauhtémoc,Chihuahua,estado
http://eleconomista.com.mx/estados/2016/03/01/ejidatarios-bloquean-aeropuerto-guadalajara,bloqueo,ElEconomista,01/03/2016,Ejidatarios bloquean aeropuerto de Guadalajara,Jalisco,estados
http://eleconomista.com.mx/estados/2016/03/02/bloqueo-aeropuerto-afecta-envios-mercancias,bloqueo,ElEconomista,02/03/2016,Bloqueo en aeropuerto afecta envíos de mercancías,Jalisco,estados
http://eleconomista.com.mx/industrias/2016/03/04/arcelormittal-mexico-se-va-huelga,huelga,ElEconomista,04/03/2016,"ArcelorMittal, a huelga por tiempo indefinido en México",Nuevo León,industrias
http://eleconomista.com.mx/estados/2016/03/06/continua-caos-bloqueo-aeropuerto-tapatio,bloqueo,ElEconomista,06/03/2016,Continúa caos por bloqueo en el aeropuerto tapatío,Jalisco,estados
http://eleconomista.com.mx/estados/queretaro/2016/03/06/steuaq-va-huelga-pide-recontratar-leyva,huelga,ElEconomista,06/03/2016,"STEUAQ va a huelga, pide recontratar a Leyva",Querétaro,estados
http://eleconomista.com.mx/estados/queretaro/2016/03/07/fds-exhorta-terminar-huelga,huelga,ElEconomista,07/03/2016,FDS exhorta a terminar la huelga,Querétaro,estados
http://eleconomista.com.mx/estados/2016/03/08/productores-maiz-bloquean-autopista-gdl-mexico,bloqueo,ElEconomista,08/03/2016,Productores de maíz bloquean autopista GDL-México,Jalisco,estados
http://eleconomista.com.mx/sociedad/2016/03/08/protesta-taxis-guadalajara-contra-uber-termina-tras-enfrentamiento,protesta,ElEconomista,08/03/2016,Protesta de taxis en Guadalajara contra Uber termina tras enfrentamiento,Jalisco,sociedad
http://eleconomista.com.mx/sociedad/2016/03/11/sep-aplicara-descuentos-maestros-que-faltaron-viernes,marcha,ElEconomista,11/03/2016,Aplicarán descuentos a maestros que faltaron por marcha,Ciudad de México,sociedad
http://eleconomista.com.mx/estados/queretaro/2016/03/13/huelga-sigue-sin-tregua-uaq,huelga,ElEconomista,13/03/2016,Huelga sigue sin tregua en la UAQ,Querétaro,estados
http://eleconomista.com.mx/estados/2016/03/13/habra-planton-indefinido-aeropuerto-guadalajara,planton,ElEconomista,13/03/2016,Habrá plantón indefinido en el aeropuerto de Guadalajara,Jalisco,estados
http://eleconomista.com.mx/industrias/2016/03/14/arcelormittal-finaliza-huelga-mexico,huelga,ElEconomista,14/03/2016,ArcelorMittal finaliza huelga en México,Nuevo León,industrias
http://eleconomista.com.mx/estados/queretaro/2016/03/15/ctm-da-espaldarazo-lucha-steuaq-huelga-continua,huelga,ElEconomista,15/03/2016,CTM da espaldarazo a lucha del STEUAQ; la huelga continúa,Querétaro,estados
http://eleconomista.com.mx/estados/queretaro/2016/03/17/huelga-mira-federacion,huelga,ElEconomista,17/03/2016,"Huelga, en la mira de la Federación",Querétaro,estados
http://www.elgrafico.mx/toluca/21-03-2016/protestan-contra-la-inseguridad-en-toluca,protesta,ElGrafico,21/03/2016,Protestan contra la inseguridad en Toluca | El Gráfico,Estado de México,
http://www.elimparcial.com/EdicionEnLinea/Notas/Noticias/01032016/1058678-Estalla-huelga-en-el-CIAD.html,huelga,ElImparcial,01/03/2016,Estalla huelga en el CIAD,Sonora,
http://www.elimparcial.com/EdicionEnLinea/Notas/Noticias/02032016/1058987-Por-fallas-procesales-declaran-inexistente-la-huelga-del-CIAD.html,huelga,ElImparcial,02/03/2016,Por fallas procesales declaran inexistente la huelga del CIAD,Sonora,
http://www.elimparcial.com/EdicionEnLinea/Notas/Nacional/08032016/1060512-Taxistas-protestan-contra-Uber-en-Guadalajara.html,protesta,ElImparcial,08/03/2016,Taxistas protestan contra Uber en Guadalajara,Jalisco,nacional
http://www.elimparcial.com/EdicionEnLinea/Notas/Noticias/14032016/1061918-Podria-Siatciad-levantar-huelga-a-mas-tardar-manana.html,huelga,ElImparcial,14/03/2016,Podría Siatciad levantar huelga a más tardar mañana,Sonora,
http://www.elimparcial.com/EdicionEnLinea/Notas/Obregon/15032016/1062118-Papas-protestan-en-apoyo-a-maestros-notificados.html,protesta,ElImparcial,15/03/2016,Papás protestan en apoyo a maestros notificados,Sonora,obregon
http://www.elimparcial.com/EdicionEnLinea/Notas/Noticias/18032016/1062991-Protestan-maestros-y-sindicatos-por-despidos-docentes.html,protesta,ElImparcial,18/03/2016,Protestan maestros y sindicatos por despidos docentes,Sonora,
http://www.elimparcial.com/EdicionEnLinea/Notas/Sonora/19032016/1063156-Realizan-maestros-marcha-hacia-Palacio-de-Gobierno.html,marcha,ElImparcial,19/03/2016,Realizan maestros marcha hacia Palacio de Gobierno,Sonora,sonora
http://www.elimparcial.com/EdicionEnlinea/Notas/Nacional/22032016/1063824-Protestan-maestros-de-Seccion-22-en-Oaxaca.html,protesta,ElImparcial,22/03/2016,Protestan maestros de Sección 22 en Oaxaca,Oaxaca,nacional
http://www.informador.com.mx/jalisco/2016/647734/6/bloqueo-de-ejidatarios-en-aeropuerto-hace-padecer-a-viajeros-y-automovilistas.htm,bloqueo,ElInformador,01/03/2016,Bloqueo de ejidatarios en aeropuerto hace padecer a viajeros y ...,Jalisco,jalisco
http://www.informador.com.mx/mexico/2016/648418/6/la-cnte-protesta-por-visita-de-pena-a-oaxaca.htm,protesta,ElInformador,04/03/2016,La CNTE protesta por visita de Peña a Oaxaca :: El Informador,Oaxaca,
http://www.informador.com.mx/mexico/2016/648880/6/con-marcha-exigen-liberacion-del-ex-edil-de-comalapa.htm,marcha,ElInformador,06/03/2016,"Con marcha, exigen liberación del ex edil de Comalapa :: El ...",Chiapas,
http://www.informador.com.mx/jalisco/2016/649183/6/por-manifestacion-mil-500-taxistas-desquician-la-ciudad.htm,manifestacion,ElInformador,08/03/2016,"Por manifestación, mil 500 taxistas desquician la ciudad :: El ...",Jalisco,jalisco
http://www.informador.com.mx/jalisco/2016/649742/6/ejidatarios-no-fueron-invitados-a-reunion-sobre-bloqueo-en-aeropuerto.htm,bloqueo,ElInformador,10/03/2016,Ejidatarios no fueron invitados a reunión sobre bloqueo en ...,Jalisco,jalisco
http://www.informador.com.mx/jalisco/2016/651114/6/manifestacion-de-maestros-causa-conflictos-en-centro-tapatio.htm,manifestacion,ElInformador,17/03/2016,Manifestación de maestros causa conflictos en Centro tapatío :: El ...,Jalisco,jalisco
http://www.elnorte.com/aplicaciones/articulo/default.aspx?id=783895&v=1,huelga,ElNorte,03/03/2016,Hacen huelga de hambre policías presos - elnorte,Tlaxcala,
http://www.elnorte.com/aplicaciones/articulo/default.aspx?id=784184,protesta,ElNorte,04/03/2016,Protestan por destitución de directora,Nuevo León,
http://www.elnorte.com/aplicacioneslibre/articulo/default.aspx?id=790934&md5=712487c55962d66ee32f16cb93ace8f9&ta=0dfdbac11765226904c16cb9ad1b2efe,protesta,ElNorte,11/03/2016,Protestan por impedir acceso a deportivo,Estado de México,
http://www.elnorte.com/aplicaciones/articulo/default.aspx?id=793470&v=1,protesta,ElNorte,14/03/2016,Protestan por trabas a apoyo en Campeche - elnorte,Campeche,
http://www.elnorte.com/aplicaciones/articulo/default.aspx?id=794700&v=4,planton,ElNorte,15/03/2016,Mantienen maestros plantón en Juárez - elnorte,Chihuahua,
http://www.elnorte.com/aplicacioneslibre/articulo/default.aspx?id=793694&md5=fb0aa0feca2cbdc3b4ecb3d28795dd78&ta=0dfdbac11765226904c16cb9ad1b2efe,protesta,ElNorte,15/03/2016,Protesta en Veracruz con su hijo muerto,Veracruz,
http://www.elnorte.com/aplicaciones/articulo/default.aspx?id=801981,bloqueo,ElNorte,24/03/2016,Detienen a 24 por bloqueo en Michoacán - El Norte,Michoacán,
https://elsiglo.mx/n1204193,protesta,ElSiglo,08/03/2016,Protestan contra transporte público en Torreón,Coahuila,
https://www.elsiglo.mx/noticia/1205106.protestan-contra-clinica-del-imss.html,protesta,ElSiglo,11/03/2016,Protestan contra clínica del IMSS,Durango,
http://ns.elsiglo.mx/noticia/1210087.protestan-ciudadanos-por-el-caso-daphne.html,protesta,ElSiglo,29/03/2016,Protestan ciudadanos por el caso 'Daphne',Veracruz,
https://www.elsiglodedurango.com.mx/noticia/648801.maestros-de-durango-protestan-contra-despidos-por-evaluacion.html,protesta,ElSigloDeDurango,08/03/2016,Maestros de Durango protestan contra despidos por evaluación,Durango,
https://www.elsiglodetorreon.com.mx/noticia/1204991.miles-repudian-a-duarte-en-marcha.html,marcha,ElSigloDeTorreon,11/03/2016,Miles repudian a Duarte en marcha,Veracruz,
http://www.eluniversal.com.mx/articulo/estados/2016/03/1/huelga-en-universidad-de-puertas-abiertas,huelga,ElUniversal,01/03/2016,"Huelga en universidad, de ""puertas abiertas""",Michoacán,estados
http://www.eluniversal.com.mx/articulo/estados/2016/03/1/realizan-manifestacion-en-zocalo-de-oaxaca,manifestacion,ElUniversal,01/03/2016,Realizan manifestación en Zócalo de Oaxaca,Oaxaca,estados
http://www.eluniversal.com.mx/articulo/metropoli/df/2016/03/1/protestan-por-tala-de-arboles-en-barranca-del-muerto,protesta,ElUniversal,01/03/2016,Protestan por tala de árboles en Barranca del Muerto,Ciudad de México,metropoli
http://www.eluniversal.com.mx/articulo/estados/2016/03/2/bloquean-carretera-costera-en-chiapas,bloqueo,ElUniversal,02/03/2016,Bloquean carretera costera en Chiapas,Chiapas,estados
http://www.eluniversal.com.mx/articulo/estados/2016/03/2/enfermeras-de-reynosa-amagan-con-manifestacion,manifestacion,ElUniversal,02/03/2016,Enfermeras de Reynosa amagan con manifestación,Tamaulipas,estados
http://www.eluniversal.com.mx/articulo/estados/2016/03/2/protestan-en-chiapas-por-comunidad-de-evangelicos-en-las-margaritas,protesta,ElUniversal,02/03/2016,Protestan en Chiapas por comunidad de evangélicos en Las ...,Chiapas,estados
http://www.eluniversal.com.mx/articulo/estados/2016/03/3/reportan-protesta-de-ninos-en-dif-de-michoacan,protesta,ElUniversal,03/03/2016,Reportan protesta de niños en DIF de Michoacán,Michoacán,estados
http://www.eluniversal.com.mx/articulo/estados/2016/03/4/en-michoacan-mineros-estallan-huelga-en-arcelormittal,huelga,ElUniversal,04/03/2016,"En Michoacán, mineros estallan huelga en ArcelorMittal",Michoacán,estados
http://www.eluniversal.com.mx/articulo/estados/2016/03/4/protestan-maestros-de-seccion-22-frente-al-ieepo,protesta,ElUniversal,04/03/2016,Protestan maestros de Sección 22 frente al IEEPO,Oaxaca,estados
http://www.eluniversal.com.mx/articulo/estados/2016/03/5/mineros-estallan-huelga-en-planta-de-lazaro-cardenas,huelga,ElUniversal,05/03/2016,Mineros estallan huelga en planta de Lázaro Cárdenas,Michoacán,estados
http://www.eluniversal.com.mx/articulo/estados/2016/03/6/policias-comunitarios-bloquean-carretera-mexico-acapulco,bloqueo,ElUniversal,06/03/2016,Policías comunitarios bloquean carretera México-Acapulco,Guerrero,estados
http://www.eluniversal.com.mx/articulo/estados/2016/03/6/con-marcha-exigen-liberacion-del-ex-edil-de-comalapa,marcha,ElUniversal,06/03/2016,"Con marcha, exigen liberación del ex edil de Comalapa",Chiapas,estados
http://www.eluniversal.com.mx/articulo/metropoli/edomex/2016/03/7/retiran-bloqueo-en-huixquilucan,bloqueo,ElUniversal,07/03/2016,Retiran bloqueo en Huixquilucan,Estado de México,metropoli
http://www.eluniversal.com.mx/articulo/estados/2016/03/7/hoy-se-define-destino-de-huelga-en-universidad-michoacana,huelga,ElUniversal,07/03/2016,Hoy se define destino de huelga en Universidad Michoacana,Michoacán,estados
http://www.eluniversal.com.mx/articulo/estados/2016/03/7/mujeres-en-sonora-celebraran-su-dia-con-huelga,huelga,ElUniversal,07/03/2016,Mujeres en Sonora celebrarán su día con huelga,Sonora,estados
http://www.eluniversal.com.mx/articulo/metropoli/df/2016/03/7/protestan-contra-feminicidios-frente-segob,protesta,ElUniversal,07/03/2016,Protestan contra feminicidios frente a Segob,Ciudad de México,metropoli
http://www.eluniversal.com.mx/articulo/estados/2016/03/8/pobladores-de-sisal-bloquean-carretera-en-yucatan,bloqueo,ElUniversal,08/03/2016,Pobladores de Sisal bloquean carretera en Yucatán,Yucatán,estados
http://www.eluniversal.com.mx/articulo/estados/2016/03/8/desalojan-manifestantes-de-la-alcaldia-de-frontera-comalapa,manifestacion,ElUniversal,08/03/2016,Desalojan a manifestantes de la alcaldía de Frontera Comalapa,Chiapas,estados
http://www.eluniversal.com.mx/articulo/metropoli/df/2016/03/8/marcha-por-el-dia-de-la-mujer-avanza-por-reforma-y-juarez,marcha,ElUniversal,08/03/2016,Marcha por el Día de la Mujer avanza por Reforma y Juárez,Ciudad de México,metropoli
http://www.eluniversal.com.mx/articulo/metropoli/df/2016/03/8/mujeres-campesinas-instalan-planton-en-gobernacion,planton,ElUniversal,08/03/2016,Mujeres campesinas instalan plantón en Gobernación,Ciudad de México,metropoli
http://www.eluniversal.com.mx/articulo/estados/2016/03/8/protestan-supervisores-y-jefes-de-la-seccion-22-en-el-ieepo,protesta,ElUniversal,08/03/2016,Protestan supervisores y jefes de la Sección 22 en el IEEPO,Oaxaca,estados
http://www.eluniversal.com.mx/articulo/estados/2016/03/8/taxistas-protestan-contra-uber-en-guadalajara,protesta,ElUniversal,08/03/2016,Taxistas protestan contra Uber en Guadalajara,Jalisco,estados
http://www.eluniversal.com.mx/articulo/metropoli/df/2016/03/9/permanece-bloqueo-de-campesinos-en-gobernacion,bloqueo,ElUniversal,09/03/2016,Permanece bloqueo de campesinos en Gobernación,Ciudad de México,metropoli
http://www.eluniversal.com.mx/articulo/estados/2016/03/10/maestros-de-oaxaca-mantiene-bloqueos-en-el-istmo,bloqueo,ElUniversal,10/03/2016,Maestros de Oaxaca mantiene bloqueos en el Istmo,Oaxaca,estados
http://www.eluniversal.com.mx/articulo/metropoli/df/2016/03/10/manifestacion-en-coyoacan-por-obra-ilegal,manifestacion,ElUniversal,10/03/2016,Manifestación en Coyoacán por obra ilegal,Ciudad de México,metropoli
http://www.eluniversal.com.mx/articulo/estados/2016/03/10/taxistas-se-movilizan-contra-uber-en-oaxaca,movilizacion,ElUniversal,10/03/2016,Taxistas se movilizan contra Uber en Oaxaca,Oaxaca,estados
http://www.eluniversal.com.mx/articulo/estados/2016/03/11/con-marcha-exigen-pago-de-deuda-la-uv,marcha,ElUniversal,11/03/2016,"Con marcha, exigen pago de deuda a la UV",Veracruz,estados
http://www.eluniversal.com.mx/articulo/metropoli/df/2016/03/11/protestan-contra-reubicacion-de-gran-rueda,protesta,ElUniversal,11/03/2016,Protestan contra reubicación de Gran Rueda,Ciudad de México,metropoli
http://www.eluniversal.com.mx/articulo/metropoli/edomex/2016/03/13/colonos-de-satelite-protestan-por-ciclovia,protesta,ElUniversal,13/03/2016,Colonos de Satélite protestan por ciclovía,Estado de México,metropoli
http://www.eluniversal.com.mx/articulo/metropoli/edomex/2016/03/14/amparos-y-bloqueos-por-tiradero-de-basura-en-tepotzotlan,bloqueo,ElUniversal,14/03/2016,Amparos y bloqueos por tiradero de basura en Tepotzotlán,Estado de México,metropoli
http://www.eluniversal.com.mx/articulo/estados/2016/03/14/padres-de-familia-bloquean-avenidas-en-centro-de-chilpancingo,bloqueo,ElUniversal,14/03/2016,Padres de familia bloquean avenidas en centro de Chilpancingo,Guerrero,estados
http://www.eluniversal.com.mx/articulo/estados/2016/03/14/docentes-retiran-planton-frente-casa-oficial-de-oaxaca,planton,ElUniversal,14/03/2016,Docentes retiran plantón frente a Casa Oficial de Oaxaca,Oaxaca,estados
http://www.eluniversal.com.mx/articulo/estados/2016/03/14/protestan-con-feretro-de-joven-asesinado-en-xalapa,protesta,ElUniversal,14/03/2016,Protestan con féretro de joven asesinado en Xalapa,Veracruz,estados
http://www.eluniversal.com.mx/articulo/estados/2016/03/15/campesinos-de-morelos-quitan-planton-en-sedagro,planton,ElUniversal,15/03/2016,Campesinos de Morelos quitan plantón en Sedagro,Morelos,estados
http://www.eluniversal.com.mx/articulo/estados/2016/03/15/protestan-productores-de-sorgo-en-oaxaca,protesta,ElUniversal,15/03/2016,Protestan productores de sorgo en Oaxaca,Oaxaca,estados
http://www.eluniversal.com.mx/articulo/metropoli/df/2016/03/16/se-registran-4-marchas-pese-la-fase-de-alerta,marcha,ElUniversal,16/03/2016,Se registran 4 marchas pese a la fase de alerta,Ciudad de México,metropoli
http://www.eluniversal.com.mx/articulo/estados/2016/03/16/padres-de-familia-protestan-ante-despido-de-profesor-en-cancun,protesta,ElUniversal,16/03/2016,Padres de familia protestan ante despido de profesor en Cancún,Quintana Roo,estados
http://www.eluniversal.com.mx/articulo/metropoli/df/2016/03/17/bloquean-2-horas-avenida-te-por-desaparicion-de-joven,bloqueo,ElUniversal,17/03/2016,Bloquean 2 horas avenida Te por desaparición de joven,Ciudad de México,metropoli
http://www.eluniversal.com.mx/articulo/estados/2016/03/18/productores-de-sorgo-mantienen-3-bloqueos-en-oaxaca,bloqueo,ElUniversal,18/03/2016,Productores de sorgo mantienen 3 bloqueos en Oaxaca,Oaxaca,estados
http://www.eluniversal.com.mx/articulo/estados/2016/03/18/cnte-marcha-en-salina-cruz-oaxaca,marcha,ElUniversal,18/03/2016,"CNTE marcha en Salina Cruz, Oaxaca",Oaxaca,estados
http://www.eluniversal.com.mx/articulo/estados/2016/03/18/seccion-22-protesta-frente-congreso-de-oaxaca,protesta,ElUniversal,18/03/2016,Sección 22 protesta frente a Congreso de Oaxaca,Oaxaca,estados
http://www.eluniversal.com.mx/articulo/metropoli/edomex/2016/03/18/protestan-trabajadores-despedidos-de-huixquilucan,protesta,ElUniversal,18/03/2016,Protestan trabajadores despedidos de Huixquilucan,Estado de México,metropoli
http://www.eluniversal.com.mx/articulo/estados/2016/03/21/pescadores-bloquean-carretera-morelia-salamanca,bloqueo,ElUniversal,21/03/2016,Pescadores bloquean carretera Morelia-Salamanca,Michoacán,estados
http://www.eluniversal.com.mx/articulo/estados/2016/03/22/bloquean-carretera-ocosingo,bloqueo,ElUniversal,22/03/2016,Bloquean carretera a Ocosingo,Chiapas,estados
http://www.eluniversal.com.mx/articulo/metropoli/df/2016/03/23/bloquean-marina-nacional-por-falta-de-agua,bloqueo,ElUniversal,23/03/2016,Bloquean Marina Nacional por falta de agua,Ciudad de México,metropoli
http://www.eluniversal.com.mx/articulo/metropoli/df/2016/03/23/protestan-transgenero-por-operativo-en-mh,protesta,ElUniversal,23/03/2016,Protestan transgénero por operativo en MH,Ciudad de México,metropoli
http://www.eluniversal.com.mx/articulo/estados/2016/03/28/queman-autos-y-bloquean-carretera-en-capacuaro,bloqueo,ElUniversal,28/03/2016,Queman autos y bloquean carretera en Capacuaro,Michoacán,estados
http://www.eluniversal.com.mx/articulo/estados/2016/03/28/protestan-en-veracruz-por-caso-de-daphne-exigen-justicia,protesta,ElUniversal,28/03/2016,Protestan en Veracruz por caso de Daphne; exigen justicia,Veracruz,estados
http://www.eluniversal.com.mx/articulo/estados/2016/03/28/protestan-en-chilpancingo-por-escasez-de-agua-potable,protesta,ElUniversal,28/03/2016,Protestan en Chilpancingo por escasez de agua potable,Guerrero,estados
http://www.eluniversal.com.mx/articulo/metropoli/edomex/2016/03/30/vecinos-bloquean-acceso-obra-hidraulica-en-neza,bloqueo,ElUniversal,30/03/2016,Vecinos bloquean acceso a obra hidráulica en Neza,Estado de México,metropoli
http://www.eluniversal.com.mx/articulo/estados/2016/03/30/bloquean-militantes-priistas-transito-en-carretera-del-istmo,bloqueo,ElUniversal,30/03/2016,Bloquean militantes priistas tránsito en carretera del Istmo,Oaxaca,estados
http://www.eluniversal.com.mx/articulo/estados/2016/03/31/con-marcha-exigen-activar-alerta-de-genero,marcha,ElUniversal,31/03/2016,"Con marcha, exigen activar alerta de género",Guanajuato,estados
http://www.eluniversal.com.mx/articulo/estados/2016/03/31/seccion-22-protesta-frente-congreso-de-oaxaca,protesta,ElUniversal,31/03/2016,Sección 22 protesta frente a Congreso de Oaxaca,Oaxaca,estados
http://www.excelsior.com.mx/comunidad/2016/03/07/1079311,bloqueo,Excelsior,07/03/2016,Transportistas bloquean Interlomas y ocasionan caos vial,Estado de México,comunidad
http://www.excelsior.com.mx/nacional/2016/03/08/1079660,marcha,Excelsior,08/03/2016,Detienen a 27 personas tras disturbios en marcha de taxistas en Guadalajara,Jalisco,nacional
http://www.excelsior.com.mx/nacional/2016/03/08/1079425,protesta,Excelsior,08/03/2016,Protesta a ‘huevazos’ en alcaldía al ‘Temo’ por incumplido,Morelos,nacional
http://www.excelsior.com.mx/nacional/2016/03/14/1080890,manifestacion,Excelsior,14/03/2016,Avientan 'mirreyes' el carro a manifestantes; evitan que los linchen,Guerrero,nacional
http://www.excelsior.com.mx/comunidad/2016/03/16/1081376,protesta,Excelsior,16/03/2016,Continúan protestas en la Cuauhtémoc por pago electrónico,Ciudad de México,comunidad
http://www.excelsior.com.mx/nacional/2016/03/28/1083285,protesta,Excelsior,28/03/2016,Protestan para exigir justicia para la menor Dafne,Veracruz,nacional
http://www.frontera.info/EdicionEnLinea/Notas/Noticias/03032016/1059351-Trigueros-bloquean-acceso-a-AgroBaja.html,bloqueo,Frontera,03/03/2016,Trigueros bloquean acceso a AgroBaja,Baja California,
http://www.frontera.info/EdicionEnlinea/Notas/Noticias/10032016/1061133-Residentes-de-la-Sanchez-Taboada-protestan-por-incumplimiento-de-municipio.html,protesta,Frontera,10/03/2016,Residentes de la Sánchez Taboada protestan por incumplimiento ...,Baja California,
http://www.frontera.info/Movil/EdicionEnLinea/Noticias/Notas/1062905.html,marcha,Frontera,18/03/2016,Inician marcha jornaleros de San Quintín - FRONTERA.INFO,Baja California,
http://www.frontera.info/EdicionEnLinea/Notas/Noticias/22032016/1063890-Lider-de-Morena-ignora-a-manifestantes-despues-de-conferencia.html,manifestacion,Frontera,22/03/2016,Líder de Morena ignora a manifestantes después de conferencia,Baja California,
http://www.frontera.info/EdicionEnlinea/Notas/Nacional/22032016/1063824-Protestan-maestros-de-Seccion-22-en-Oaxaca.html,protesta,Frontera,22/03/2016,Protestan maestros de Sección 22 en Oaxaca,Oaxaca,nacional
http://www.frontera.info/EdicionEnLinea/Notas/Noticias/23032016/1064174-AMLO-es-recibido-en-medio-de-protestas-en-Rosarito.html,protesta,Frontera,23/03/2016,AMLO es recibido en medio de protestas en Rosarito,Baja California,
http://www.cronica.com.mx/notas/2016/948286.html,bloqueo,LaCronicaDeHoy,03/03/2016,Maestros bloquean carretera La Ventosa en Oaxaca | La Crónica de ...,Oaxaca,
http://www.cronica.com.mx/notas/2016/948523.html,huelga,LaCronicaDeHoy,04/03/2016,Trabajadores de la Universidad Autónoma de Querétaro estallan ...,Querétaro,
http://www.cronica.com.mx/notas/2016/948950.html,bloqueo,LaCronicaDeHoy,07/03/2016,Transportistas bloquean los accesos a Interlomas | La Crónica de Hoy,Estado de México,
http://www.cronica.com.mx/notas/2016/949007.html,huelga,LaCronicaDeHoy,07/03/2016,Acuerdan levantar la huelga en la Universidad Michoacana | La ...,Michoacán,
http://www.cronica.com.mx/notas/2016/949032.html,bloqueo,LaCronicaDeHoy,08/03/2016,Bloquean ayuntamiento de Chilpancingo | La Crónica de Hoy,Guerrero,
http://www.cronica.com.mx/notas/2016/949293.html,protesta,LaCronicaDeHoy,09/03/2016,Protesta de taxistas en Guadalajara termina con zafarrancho | La ...,Jalisco,
http://www.cronica.com.mx/notas/2016/949731.html,bloqueo,LaCronicaDeHoy,11/03/2016,"En Acapulco, bloqueos por falta de maestros en 12 escuelas | La ...",Oaxaca,
http://www.cronica.com.mx/notas/2016/949866.html,marcha,LaCronicaDeHoy,12/03/2016,Otra marcha de la CNTE genera caos en la Ciudad | La Crónica de ...,Ciudad de México,
http://www.cronica.com.mx/notas/2016/950033.html,huelga,LaCronicaDeHoy,13/03/2016,Mineros levantan huelga en la siderúrgica ArcelorMittal | La Crónica ...,Michoacán,
http://www.cronica.com.mx/notas/2016/950238.html,protesta,LaCronicaDeHoy,14/03/2016,Protestan maestros en casa de Gobierno de Oaxaca | La Crónica de ...,Oaxaca,
http://www.cronica.com.mx/notas/2016/950306.html,protesta,LaCronicaDeHoy,15/03/2016,Protestan contra reapertura de tiradero en Tepotzotlán | La Crónica ...,Estado de México,
http://www.cronica.com.mx/notas/2016/951450.html,cadena_humana,LaCronicaDeHoy,21/03/2016,Forman cadena humana para que les paguen viaje de estudios | La ...,Nuevo León,
http://www.cronica.com.mx/nt.php?id_nota=952179,bloqueo,LaCronicaDeHoy,26/03/2016,La SSP-Michoacán desactiva bloqueos y arresta a 24 personas | La ...,Michoacán,
http://www.cronica.com.mx/nt.php?id_nota=952173,protesta,LaCronicaDeHoy,26/03/2016,Familiares protestan en Papantla por desaparición de tres jóvenes ...,Veracruz,
http://www.cronica.com.mx/nt.php?id_nota=952495,protesta,LaCronicaDeHoy,29/03/2016,Familiares de víctima protestan en Veracruz contra Los Porkys | La ...,Veracruz,
http://www.cronica.com.mx/notas/2016/952676.html,manifestacion,LaCronicaDeHoy,30/03/2016,Atiende Meade reclamo de manifestantes de la 3a edad | La ...,Nuevo León,
http://www.jornada.unam.mx/2016/03/01/estados/027n1est,bloqueo,LaJornada,01/03/2016,Bloquean ejidatarios el aeropuerto de Guadalajara,Jalisco,estados
http://www.jornada.unam.mx/ultimas/2016/03/01/manifestacion-en-consulado-de-colombia-por-caso-sucumbios-6763.html,protesta,LaJornada,01/03/2016,Protestan en consulado de Colombia por asesinados en Sucumbíos,Ciudad de México,ultimas
http://www.jornada.unam.mx/ultimas/2016/03/02/estalla-huelga-en-el-ayuntamiento-de-mazatlan-1250.html,huelga,LaJornada,02/03/2016,Estalla huelga en el Ayuntamiento de Mazatlán,Sinaloa,ultimas
http://www.jornada.unam.mx/ultimas/2016/03/03/se-enfrenta-la-cente-con-policias-en-bloqueo-de-oaxaca-8564.html,bloqueo,LaJornada,03/03/2016,Se enfrenta CNTE con policías en bloqueo de Oaxaca,Oaxaca,ultimas
http://www.jornada.unam.mx/2016/03/03/sociedad/041n3soc,huelga,LaJornada,03/03/2016,Estalla huelga en CIAD; exigen seguridad social,Sonora,sociedad
http://www.jornada.unam.mx/ultimas/2016/03/04/mineros-de-michoacan-estallan-huelga-en-lazaro-cardenas-5034.html,huelga,LaJornada,04/03/2016,Mineros de Arcelor Mittal estallan huelga en Lázaro Cárdenas,Michoacán,ultimas
http://www.jornada.unam.mx/2016/03/04/politica/015n2pol,huelga,LaJornada,04/03/2016,"En suspenso, diálogo en la huelga de un centro de investigación del Conacyt",Sonora,politica
http://www.jornada.unam.mx/ultimas/2016/03/04/seccion-22-de-cnte-protestan-frente-al-ieepo-8223.html,protesta,LaJornada,04/03/2016,Sección 22 de CNTE protesta frente al Ieepo,Oaxaca,ultimas
http://www.jornada.unam.mx/ultimas/2016/03/04/abogado-y-hermana-de-el-chapo-protestan-por-maltrato-7977.html,protesta,LaJornada,04/03/2016,Abogado y hermana de 'El Chapo' protestan por maltrato,Estado de México,ultimas
http://www.jornada.unam.mx/ultimas/2016/03/05/huelga-en-lazaro-cardenas-sin-aval-subsecretario-del-trabajo-7287.html,huelga,LaJornada,05/03/2016,"Reitera la ST: ""improcedente"" huelga de mineros en Lázaro Cárdenas",Michoacán,ultimas
http://www.jornada.unam.mx/2016/03/05/estados/025n1est,huelga,LaJornada,05/03/2016,Inician huelga trabajadores de la UAQ,Querétaro,estados
http://www.jornada.unam.mx/2016/03/05/politica/015a1pol,huelga,LaJornada,05/03/2016,"El derecho de huelga, en agonía",Sonora,politica
http://www.jornada.unam.mx/ultimas/2016/03/05/201c-ni-una-plaza-mas-en-coapa-201d-protestan-vecinos-6571.html,protesta,LaJornada,05/03/2016,"“¡Ni una plaza más en Coapa!”, protestan vecinos",Ciudad de México,ultimas
http://www.jornada.unam.mx/2016/03/06/politica/007n2pol,marcha,LaJornada,06/03/2016,Marcha por los 43 recorre las calles de Iguala donde fueron atacados,Guerrero,politica
http://www.jornada.unam.mx/ultimas/2016/03/08/manifestacion-contra-uber-deja-30-detenidos-en-guadalajara-2998.html,marcha,LaJornada,08/03/2016,Marcha contra Uber y zafarrancho en Guadalajara,Jalisco,ultimas
http://www.jornada.unam.mx/2016/03/09/politica/016n1pol,huelga,LaJornada,09/03/2016,Autoridades usan maniobras legaloides para desconocer la huelga en Arcelor Mittal,Michoacán,politica
http://www.jornada.unam.mx/ultimas/2016/03/10/universidad-veracruzana-realiza-megamarcha-contra-duarte-1715.html,marcha,LaJornada,10/03/2016,Marcha Universidad Veracruzana contra Duarte,Veracruz,ultimas
https://www.jornada.unam.mx/2016/03/11/sociedad/014n3pol,bloqueo_vialidad,LaJornada,11/03/2016,La Jornada: Toman el Ieepo y cierran vías en Oaxaca,Oaxaca,sociedad
http://www.jornada.unam.mx/2016/03/11/estados/028n2est,huelga,LaJornada,11/03/2016,Enferman tres policías de Tlaxcala que estaban en huelga de hambre,Tlaxcala,estados
http://www.jornada.unam.mx/ultimas/2016/03/11/cnte-marcha-hacia-la-sg-exige-un-empleo-digno-y-estabilidad-9827.html,marcha,LaJornada,11/03/2016,Marcha CNTE a la SG para exigir empleo digno y estabilidad,Ciudad de México,ultimas
http://www.jornada.unam.mx/2016/03/12/estados/024n3est,huelga,LaJornada,12/03/2016,UAQ cumple una semana en huelga,Querétaro,estados
http://www.jornada.unam.mx/2016/03/13/estados/024n1est,bloqueo,LaJornada,13/03/2016,Pobladores de Juchitán bloquean parque eólico de Gas Fenosa,Oaxaca,estados
http://www.jornada.unam.mx/ultimas/2016/03/14/protestan-choferes-en-toluca-piden-cesar-al-secretario-de-movilidad-4196.html,protesta,LaJornada,14/03/2016,Protestan choferes en Toluca; piden cesar al secretario de Movilidad,Estado de México,ultimas
http://www.jornada.unam.mx/2016/03/15/capital/032n2cap,protesta,LaJornada,15/03/2016,Protestan vecinos y autoridades de Azcapotzalco frente al TCADF,Ciudad de México,capital
http://www.jornada.unam.mx/ultimas/2016/03/15/protestan-por-uso-excesivo-de-antibioticos-en-animales-de-consumo-1938.html,protesta,LaJornada,15/03/2016,Protestan por uso excesivo de antibióticos en animales de consumo,Ciudad de México,ultimas
http://www.jornada.unam.mx/2016/03/16/sociedad/040n1soc,protesta,LaJornada,16/03/2016,Protestan frente al IMSS para demandar indemnización para paciente mal atendido,Ciudad de México,sociedad
http://www.jornada.unam.mx/2016/03/16/politica/018n1pol,protesta,LaJornada,16/03/2016,Profesores protestan contra reforma,Sinaloa,politica
http://www.jornada.unam.mx/ultimas/2016/03/17/jornaleros-de-san-quintin-conmemoran-aniversario-del-levantamiento-1953.html,huelga,LaJornada,17/03/2016,"Marcharán jornaleros de San Quintín, a un año de la huelga",Baja California,ultimas
http://www.jornada.unam.mx/2016/03/18/estados/033n2est,bloqueo,LaJornada,18/03/2016,La Jornada: Bloquean la autopista Toluca-Atlacomulco,Estado de México,estados
http://www.jornada.unam.mx/ultimas/2016/03/18/marchan-trabajadores-de-salud-reclaman-pago-7952.html,marcha,LaJornada,18/03/2016,Granaderos repliegan marcha de trabajadores de Salud,Ciudad de México,ultimas
http://www.jornada.unam.mx/ultimas/2016/03/18/realizaran-en-veracruz-marcha-de-la-disidencia-petrolera-1745.html,marcha,LaJornada,18/03/2016,Encabezará Cárdenas marcha de la disidencia petrolera en Veracruz,Veracruz,ultimas
http://www.jornada.unam.mx/2016/03/19/estados/029n1est,huelga,LaJornada,19/03/2016,Retendrán recursos a la UAQ para no fondear la huelga,Querétaro,estados
http://www.jornada.unam.mx/2016/03/21/estados/026n1est,boicot,LaJornada,21/03/2016,Jornaleros de San Quintín inician boicot a Discroll’s,Baja California,estados
http://www.jornada.unam.mx/ultimas/2016/03/21/protestan-maestros-jubilados-en-mexicali-7912.html,protesta,LaJornada,21/03/2016,Protestan maestros jubilados en Mexicali,Baja California,ultimas
http://www.jornada.unam.mx/ultimas/2016/03/22/detienen-autoridades-michoacanas-a-45-pescadores-en-bloqueo-7250.html,bloqueo,LaJornada,22/03/2016,Detienen autoridades michoacanas a 45 pescadores en bloqueo,Michoacán,ultimas
http://www.jornada.unam.mx/ultimas/2016/03/26/miles-de-campesinos-contra-incursion-militar-en-hidalgo-y-veracruz-7464.html,protesta,LaJornada,26/03/2016,Campesinos protestan contra incursión militar en Hidalgo y Veracruz,Veracruz,ultimas
http://www.jornada.unam.mx/ultimas/2016/03/28/con-marcha-exigen-justicia-para-menor-abusada-en-veracruz-772.html,marcha,LaJornada,28/03/2016,"Con marcha, exigen justicia para menor abusada en Veracruz",Veracruz,ultimas
http://www.jornada.unam.mx/2016/03/29/capital/025n2cap,protesta,LaJornada,29/03/2016,Clausuran obra en Azcapotzalco tras protesta vecinal,Ciudad de México,capital
http://www.jornada.unam.mx/ultimas/2016/03/30/vecinos-de-iztapalapa-protestan-en-sacmex-por-falta-de-agua-7038.html,protesta,LaJornada,30/03/2016,Vecinos de Iztapalapa protestan en Sacmex por falta de agua - La ...,Ciudad de México,ultimas
https://lasillarota.com/estados/protestan-por-asesinato-de-joven-que-salvo-a-su-padre-de-ser-secuestrado/106980,protesta,LaSillaRota,14/03/2016,Protestan por asesinato de joven que salvó a su padre de ser ...,Veracruz,estados
https://lasillarota.com/estados/asegura-secretario-del-trabajo-ser-parcial-en-huelga-de-la-uaq/107068,huelga,LaSillaRota,15/03/2016,Asegura secretario del Trabajo ser parcial en huelga de la UAQ | La ...,Querétaro,estados
http://lasillarota.com/en-riesgo-recursos-federales-por-huelga-en-la-uaq/www.unamglobal.unam.mx,huelga,LaSillaRota,17/03/2016,En riesgo recursos federales por huelga en la UAQ | La Silla Rota,Querétaro,
https://lopezdoriga.com/nacional/iniciaran-huelga-de-hambre-por-el-chapo/,huelga,LopezDoriga,03/03/2016,Iniciarán huelga de hambre por el Chapo,Estado de México,nacional
https://lopezdoriga.com/nacional/transportistas-provocan-caos-vial-en-interlomas/,bloqueo,LopezDoriga,07/03/2016,Termina bloqueo en Interlomas,Estado de México,nacional
https://lopezdoriga.com/nacional/taxistas-protestan-contra-uber-en-guadalajara-2/,protesta,LopezDoriga,08/03/2016,Taxistas protestan contra Uber en Guadalajara,Jalisco,nacional
https://lopezdoriga.com/nacional/protestan-en-veracruz-contra-duarte-por-recursos-de-la-uv/,protesta,LopezDoriga,10/03/2016,Protestan en Veracruz contra Duarte por recursos de la UV,Veracruz,nacional
https://lopezdoriga.com/nacional/taxistas-bloquean-la-costera-miguel-aleman-en-acapulco/,bloqueo,LopezDoriga,28/03/2016,Taxistas bloquean la Costera Miguel Alemán en Acapulco.,Guerrero,nacional
http://www.milenio.com/estados/Policias-acreditables-levantan-planton-Chilpancingo_0_692930886.html,planton,Milenio,01/03/2016,Policías acreditables levantan plantón en Chilpancingo,Guerrero,estados
http://www.milenio.com/region/protesta-cruz_verde-Tlaquepaque-paro-actividades-falta_insumos_0_692930972.html,protesta,Milenio,01/03/2016,Protestan en Cruz Verde de Tlaquepaque,Jalisco,
http://www.milenio.com/region/Protestan_ex_empleados_Monterrey-exigen_aguinaldo_y_ahorro_0_692930944.html,protesta,Milenio,01/03/2016,Protestan ex empleados de Monterrey; exigen aguinaldo y ahorro,Nuevo León,
http://www.milenio.com/region/Comision_Nacional_del_Agua-manifestacion_de_ejidatarios_0_694130703.html,manifestacion,Milenio,03/03/2016,Persiste manifestación en Conagua,Coahuila,
http://www.milenio.com/estados/Estalla_huelga_en_Universidad_Autonoma_de_Queretaro_0_694730814.html,huelga,Milenio,04/03/2016,Estalla huelga en Universidad Autónoma de Querétaro,Querétaro,estados
http://www.milenio.com/estados/Protestan_frente_a_consulado_de_Italia_empresarios_queretanos_0_694730833.html,protesta,Milenio,04/03/2016,Protestan frente a consulado de Italia empresarios queretanos,Querétaro,estados
http://www.milenio.com/estados/CNTE-protestan_en_el_IEEPO-este_viernes_fueron_citados_por_el_director_del_IEEPO_0_694730713.html,protesta,Milenio,04/03/2016,"CNTE protesta, otra vez, en el IEEPO",Oaxaca,estados
http://www.milenio.com/monterrey/Padres-protestan-cese-directora-secundaria_0_695330489.html,protesta,Milenio,05/03/2016,Padres protestan por cese de directora de secundaria,Nuevo León,
http://www.milenio.com/estados/bloquean_carretera_mexico_acapulco_detencion_comunitarios-fusdeg_carretera_0_695930462.html,bloqueo,Milenio,06/03/2016,"Por arresto de comunitarios, bloquean carretera México-Acapulco",Guerrero,estados
http://www.milenio.com/monterrey/Alumnos-protestan-retiro-becas_0_695930429.html,protesta,Milenio,06/03/2016,Alumnos protestan por retiro de las becas,Nuevo León,
http://www.milenio.com/estados/bloquean_transportistas_huixquilucan-bloqueo_en_huixquilucan_provoca_caos_vial_0_696530416.html,bloqueo,Milenio,07/03/2016,Transportistas bloquean Huixquilucan,Estado de México,estados
http://www.milenio.com/region/CBTA_47_de_Leon_Guzman-Huelga_CBTA_47-Joaquin_Avalos_Soto_0_696530540.html,huelga,Milenio,07/03/2016,Siete días de huelga en el CBTA 47 de León Guzmán,Durango,
http://www.milenio.com/df/manifestantes_PRI_y_Segob-mujeres_PRI_feminicidios-mujeres_Segob_feminicidios_0_696530551.html,protesta,Milenio,07/03/2016,Protestan en el PRI y la Segob por feminicidios,Ciudad de México,
http://www.milenio.com/region/protesta_anti_uber-taxistas_Guadalajara-centro_Guadalajara-Nuevo_progreso_0_697130394.html,bloqueo,Milenio,08/03/2016,Taxistas bloquean vialidades; Uber regala viajes,Jalisco,
http://www.milenio.com/policia/Nestora_Salgado-Policia_Comunitaria_Olinala-CETEG_Nestora_Salgado_0_697130506.html,marcha,Milenio,08/03/2016,CETEG marcha para exigir liberación de Nestora Salgado,Guerrero,
http://www.milenio.com/df/Marcha_campesinas-marcha_mujeres_campo_segob-marcha_campo_revolucion_0_697130468.html,planton,Milenio,08/03/2016,Mujeres campesinas instalan plantón en Segob,Ciudad de México,
http://www.milenio.com/region/Posesionarios-Huajimic-manifestaron-Tepic_0_697730328.html,manifestacion,Milenio,09/03/2016,Posesionarios de Huajimic se manifestaron en Tepic,Nayarit,
http://www.milenio.com/politica/osorio_chong_campesinas-planton_campesinas_bucareli_0_697730510.html,planton,Milenio,09/03/2016,Osorio sale de Segob a dialogar con campesinas; levantan plantón,Ciudad de México,politica
http://www.milenio.com/estados/padres_bloquean_bulevar_en_acapulco-padres_protestan_Acapulco_no_tener_maestros_0_698330318.html,bloqueo,Milenio,10/03/2016,Padres de familia bloquean bulevar de Las Naciones en Acapulco,Guerrero,estados
http://www.milenio.com/estados/marchan_estudiantes_en_Veracruz-norte_no_detiene_a_estudiantes-marchan_en_Veracruz_0_698330283.html,marcha,Milenio,10/03/2016,"Con marcha, exigen a Duarte que pague a la Universidad de Veracruz",Veracruz,estados
http://www.milenio.com/region/Huelga_CBTA_47_de_Leon_Guzman-reanudan_clases_en_CBTA_47_de_Leon_Guzman_0_698930448.html,huelga,Milenio,11/03/2016,Alumnos levantan huelga en el CBTA 47 de León Guzmán,Durango,
http://www.milenio.com/region/Bloquean_avenida_Altamira_0_700730028.html,bloqueo,Milenio,14/03/2016,Vecinos bloquean avenida en Altamira,Tamaulipas,
http://www.milenio.com/estados/hospitalizan_maestra_huela_hambre-huelga_hambre_Ciudd_Juarez-huelga_Patricia_Chavez_0_700730283.html,huelga,Milenio,14/03/2016,Hospitalizan a maestra que hizo huelga de hambre para exigir plaza,Chihuahua,estados
http://www.milenio.com/estados/Protestan_medicos_y_enfermeras_de_Acapulco_contra_la_violencia_0_702530129.html,protesta,Milenio,17/03/2016,Protestan enfermeras y médicos de Acapulco contra la violencia,Guerrero,estados
http://www.milenio.com/estados/bloqueos_en_Amilcingo_Morelos-rechazan_eleccion-pobladores_quieren_usos_y_costumbres_0_703129842.html,bloqueo,Milenio,18/03/2016,Pobladores de Amilcingo bloquean entradas a su población,Morelos,estados
http://www.milenio.com/df/protesta_Iztapalapa-cementera_Iztapalapa-danos_respiratorios_vecinos_Iztapalapa_0_703129974.html,protesta,Milenio,18/03/2016,Protestan en Iztapalapa por contaminación de cementera,Ciudad de México,
http://www.milenio.com/df/bloqueo_Marina_Nacional-vecinos_colonia_Anahuac-protesta_agua_Anahuac_0_706129497.html,bloqueo,Milenio,23/03/2016,Vecinos bloquean Marina Nacional en demanda de agua,Ciudad de México,
http://www.milenio.com/region/Paseo_Morelos_de_Torreon-Moreleando-avenida_Morelos_de_Torreon-retraso_en_la_Morelos_0_709729210.html,protesta,Milenio,29/03/2016,"""Inauguran"" en protesta calle del Paseo Morelos",Coahuila,
http://www.milenio.com/df/cierran_carretera_cuernavaca-protesta_agua_miguel_Xicalco-protesta_agua_Tlalpan_0_710329267.html,protesta,Milenio,30/03/2016,Cierran la México-Cuernavaca en protesta por falta de agua,Ciudad de México,
http://www.milenio.com/df/Colonos_Iztapalapa_falta_agua-protesta_Sacmex_falta_agua-Anguiano_Iztapalapa_agua_0_710329173.html,protesta,Milenio,30/03/2016,Protestan colonos de Iztapalapa por falta de agua,Ciudad de México,
http://www.nayaritenlinea.mx/2016/03/28/fotos-protestan-en-veracruz-por-muchacha-presuntamente-violada-por-cuatro-jovenes?vid=86278,protesta,NayaritEnLinea,28/03/2016,FOTOS: Protestan en Veracruz por muchacha presuntamente violada por cuatro jóvenes,Veracruz,
http://www.nayaritenlinea.mx/2016/03/30/protestan-comerciantes-y-vecinos-por-obra-en-la-avenida-allende?vid=86335,protesta,NayaritEnLinea,30/03/2016,Protestan comerciantes y vecinos por obra en la avenida Allende,Nayarit,
http://www.noticiasmvs.com/#!/noticias/reclaman-tarahumaras-en-caravana-el-derecho-al-reconocimiento-sobre-su-territorio-679,caravana,NoticiasMVS,03/03/2016,Reclaman Tarahumaras en caravana el derecho al reconocimiento ...,Ciudad de México,
http://www.noticiasmvs.com/#!/noticias/maestros-de-la-seccion-22-de-la-cnte-protestan-en-oaxaca-ante-la-visita-de-epn-434,protesta,NoticiasMVS,03/03/2016,Maestros de la Sección 22 de la CNTE protestan en Oaxaca ante la ...,Oaxaca,
http://www.noticiasmvs.com/#!/noticias/estalla-huelga-en-la-universidad-autonoma-de-queretaro-959,huelga,NoticiasMVS,04/03/2016,Estalla huelga en la Universidad Autónoma de Querétaro - Noticias ...,Querétaro,
http://www.noticiasmvs.com/#!/noticias/retiran-bloqueo-en-interlomas-se-normaliza-la-circulacion-245,bloqueo,NoticiasMVS,07/03/2016,Retiran bloqueo en Interlomas; se normaliza la circulación - Noticias ...,Estado de México,
http://www.noticiasmvs.com/#!/noticias/con-movilizacion-el-fac-conmemora-dia-internacional-de-la-mujer-en-la-cdmx-763,movilizacion,NoticiasMVS,08/03/2016,"Con movilización, el FAC conmemora Día Internacional de la Mujer ...",Ciudad de México,
http://www.noticiasmvs.com/#!/noticias/protestan-taxistas-de-acapulco-por-violencia-en-su-contra-565,protesta,NoticiasMVS,08/03/2016,Protestan taxistas de Acapulco por violencia en su contra - Noticias ...,Guerrero,
http://www.noticiasmvs.com/#!/noticias/suspenden-clases-en-xalapa-por-marcha-de-estudiantes-de-universidad-veracruzana-118,marcha,NoticiasMVS,09/03/2016,Suspenden clases en Xalapa por marcha de estudiantes de ...,Veracruz,
http://www.noticiasmvs.com/#!/noticias/organizaciones-campesinas-instalaran-planton-de-un-mes-en-segob-622,planton,NoticiasMVS,09/03/2016,Organizaciones campesinas instalarán plantón de un mes en ...,Ciudad de México,
http://www.noticiasmvs.com/#!/noticias/continuara-planton-tenemos-60-dias-de-esperar-padres-de-desaparecidos-en-tierra-blanca-538,planton,NoticiasMVS,11/03/2016,"Continuará plantón, 'tenemos 60 días de esperar': Padres de ...",Veracruz,
http://www.noticiasmvs.com/#!/noticias/bloquean-accesos-y-salidas-de-la-autopista-toluca-atlacomulco-contra-mas-casetas-de-cobro-48,bloqueo,NoticiasMVS,17/03/2016,Bloquean accesos y salidas de la autopista Toluca-Atlacomulco ...,Estado de México,
http://www.noticiasmvs.com/#!/noticias/realizan-marcha-contra-jovenes-que-violaron-a-una-menor-en-veracruz-717,marcha,NoticiasMVS,28/03/2016,Realizan marcha contra 'Los Porkys' que violaron a una menor en ...,Veracruz,
http://www.noticiasmvs.com/#!/noticias/organizaciones-campesinas-inician-jornada-de-movilizaciones-241,movilizacion,NoticiasMVS,28/03/2016,Organizaciones campesinas inician jornada de movilizaciones en ...,Más de uno,
http://www.noticiasmvs.com/#!/noticias/productores-de-leche-protestan-contra-liconsa-en-chihuahua-por-irregularidades-de-pago-111,protesta,NoticiasMVS,31/03/2016,Productores de leche protestan contra Liconsa en Chihuahua por ...,Chihuahua,
http://www.proceso.com.mx/432135/alcalde-mazatlan-recoge-basura-ante-huelga-sindicalizados,huelga,Proceso,02/03/2016,Alcalde de Mazatlán recoge basura ante huelga de sindicalizados,Sinaloa,
http://www.proceso.com.mx/432065/novela-rey-mono-en-planton-los-43,planton,Proceso,02/03/2016,"Novela de ""El rey mono"" en el plantón de los 43",Ciudad de México,
http://www.proceso.com.mx/432219/disuelven-huelga-sindicalizados-del-ayuntamiento-mazatlan,huelga,Proceso,03/03/2016,Concluye huelga en el Ayuntamiento de Mazatlán,Sinaloa,
http://www.proceso.com.mx/432241/432241,protesta,Proceso,03/03/2016,La Policía Federal dispersa a maestros que protestan contra Peña en Oaxaca,Oaxaca,
http://www.proceso.com.mx/432384/sindicalizados-estallan-huelga-en-arcelormittal,huelga,Proceso,04/03/2016,Sindicalizados estallan huelga en ArcelorMittal,Michoacán,
http://www.proceso.com.mx/432502/estalla-huelga-en-la-universidad-autonoma-queretaro,huelga,Proceso,04/03/2016,Estalla huelga en la Universidad Autónoma de Querétaro,Querétaro,
http://www.proceso.com.mx/432462/gobierno-mancera-anuncia-reubicacion-la-gran-rueda-junto-al-auditorio-nacional,protesta,Proceso,04/03/2016,"Tras protestas vecinales, Mancera reubica proyecto de la Gran Rueda",Ciudad de México,
http://www.proceso.com.mx/432495/fronton-mexico-renace-a-costa-huelguistas,huelga,Proceso,06/03/2016,El Frontón México renace... a costa de huelguistas,Ciudad de México,
http://www.proceso.com.mx/432702/taxistas-realizan-caravana-protesta-inseguridad-en-puebla,caravana,Proceso,07/03/2016,Taxistas realizan caravana de protesta por inseguridad en Puebla,Puebla,
http://www.proceso.com.mx/432723/profesores-levantan-huelga-en-universidad-michoacana,huelga,Proceso,07/03/2016,Profesores levantan huelga en Universidad Michoacana,Michoacán,
http://www.proceso.com.mx/432680/manifestantes-lanzan-huevazos-a-alcaldia-cuernavaca-planton-cuau,planton,Proceso,07/03/2016,Manifestantes lanzan huevazos a alcaldía de Cuernavaca por ‘plantón’ de ‘El Cuau’,Morelos,
http://www.proceso.com.mx/432683/protestan-contra-feminicidios-en-la-sede-del-pri-en-la-segob,protesta,Proceso,07/03/2016,Protestan contra feminicidios en la sede del PRI y en la Segob,Ciudad de México,
http://www.proceso.com.mx/432802/chocan-policias-manifestantes-en-frontera-comalapa-protestan-contra-detencion-alcalde,manifestacion,Proceso,08/03/2016,Chocan policías y manifestantes en Chiapas; retienen y golpean a tres agentes,Chiapas,
http://www.proceso.com.mx/432837/protestan-violencia-contra-las-mujeres-en-colima,protesta,Proceso,08/03/2016,Protestan por violencia hacia las mujeres en Colima,Colima,
http://www.proceso.com.mx/433005/duarte-recula-en-iniciativa-ley-pensiones,marcha,Proceso,09/03/2016,Duarte decide no enviar iniciativa sobre pensiones horas antes de megamarcha,Veracruz,
http://www.proceso.com.mx/433452/ponen-fin-a-huelga-en-arcelormittal-tras-reinstalacion-125-mineros,huelga,Proceso,14/03/2016,Ponen fin a huelga en ArcelorMittal tras reinstalación de 125 mineros,Michoacán,
http://www.proceso.com.mx/433439/ataud-hijo-familia-protesta-inseguridad-frente-a-oficina-duarte,protesta,Proceso,14/03/2016,"Con ataúd de su hijo, familia protesta por inseguridad frente a oficina de Duarte",Veracruz,
http://www.proceso.com.mx/433509/seccion-22-protesta-presos-politicos-maestro-desaparecido,protesta,Proceso,14/03/2016,Sección 22 protesta por “presos políticos” y maestro desaparecido,Oaxaca,
http://www.proceso.com.mx/433830/protestan-trabajadores-salud-violencia-en-acapulco,protesta,Proceso,17/03/2016,Protestan trabajadores de salud por narcoviolencia en Acapulco,Guerrero,
http://www.proceso.com.mx/434190/huelga-en-la-universidad-autonoma-queretaro-entrampada-intereses-politicos,huelga,Proceso,21/03/2016,"Huelga en la Universidad Autónoma de Querétaro, entrampada por intereses políticos",Querétaro,
http://www.proceso.com.mx/434463/protesta-maestros-impide-sesion-del-congreso-en-oaxaca,protesta,Proceso,22/03/2016,Protesta de maestros impide sesión del Congreso en Oaxaca,Oaxaca,
http://www.proceso.com.mx/434502/manotazo-del-gobernador-queretaro-termina-la-huelga-en-la-uaq,huelga,Proceso,23/03/2016,“Manotazo” del gobernador de Querétaro termina con la huelga en la UAQ,Querétaro,
http://www.proceso.com.mx/435247/caravana-liberacion-presos-politicos-toma-caseta-obtener-recursos,caravana,Proceso,30/03/2016,Caravana por la liberación de presos políticos toma caseta para obtener recursos,Puebla,
https://www.publimetro.com.mx/mx/ciudad/2016/03/08/marchas-hoy-8-marzo-2016-dia-internacional-mujer.html,marcha,Publimetro,08/03/2016,Marchas hoy 8 de marzo de 2016 por el Día Internacional de la Mujer,Ciudad de México,ciudad
http://pulsoslp.com.mx/2016/03/03/bloquean-avenida-vecinos-de-los-silos-piden-a-gallardo-seguridad/,bloqueo,PulsoSLP,03/03/2016,Bloquean avenida vecinos de Los Silos; piden a Gallardo seguridad (fotogalería y video),San Luis Potosí,
http://pulsoslp.com.mx/2016/03/03/duenos-de-bares-protestan-en-palacio-de-gobierno/,protesta,PulsoSLP,03/03/2016,Dueños de bares protestan en Palacio de Gobierno,San Luis Potosí,
http://pulsoslp.com.mx/2016/03/04/por-bullying-protestan-padres-de-familia-en-escuela-de-la-colonia-san-luis-rey/,protesta,PulsoSLP,04/03/2016,"Por “bullying”, protestan padres de familia en escuela de la colonia San Luis Rey",San Luis Potosí,
http://pulsoslp.com.mx/2016/03/09/taxistas-protestan-en-guadalajara/,protesta,PulsoSLP,09/03/2016,Taxistas protestan en Guadalajara,Jalisco,
http://pulsoslp.com.mx/2016/03/14/acusa-fup-a-manifestantes-de-querer-desestabilizar-a-la-uaslp/,manifestacion,PulsoSLP,14/03/2016,Acusa FUP a manifestantes de querer desestabilizar a la UASLP,San Luis Potosí,
http://pulsoslp.com.mx/2016/03/16/ambulantes-protestan-y-desquician-la-vialidad/,protesta,PulsoSLP,16/03/2016,Ambulantes protestan y desquician la vialidad; bloquean puente frente a la UAM,San Luis Potosí,
http://pulsoslp.com.mx/2016/03/18/protestan-jubilados-de-la-uaslp/,protesta,PulsoSLP,18/03/2016,Protestan jubilados de la UASLP,San Luis Potosí,
https://www.quadratin.com.mx/morelia/SPUM-suficiente-fondo-contingente-huelga/,huelga,Quadratin,01/03/2016,"SPUM, con suficiente fondo contingente para huelga",Michoacán,morelia
https://www.quadratin.com.mx/sucesos/Marcha-la-UCD-la-Madero/,marcha,Quadratin,02/03/2016,Marcha la UCD por la Madero,Michoacán,
https://www.quadratin.com.mx/educativas/Da-CNTE-respaldo-huelga-del-SPUM/,huelga,Quadratin,03/03/2016,Da CNTE respaldo a huelga del SPUM,Michoacán,educativas
https://www.quadratin.com.mx/educativas/Definira-SPUM-este-lunes-continua-suspende-la-huelga/,huelga,Quadratin,05/03/2016,Definirá SPUM este lunes si continúa o suspende la huelga,Michoacán,educativas
https://www.quadratin.com.mx/educativas/En-puerta-solucion-la-huelga-la-UMSNH-Silvano/,huelga,Quadratin,06/03/2016,"En puerta, solución a la huelga de la UMSNH: Silvano",Michoacán,educativas
https://www.quadratin.com.mx/educativas/Culminaria-este-lunes-huelga-la-UMSNH/,huelga,Quadratin,07/03/2016,Culminaría este lunes huelga en la UMSNH,Michoacán,educativas
https://www.quadratin.com.mx/sucesos/Marcha-FNLS-hacia-Centro-Morelia/,marcha,Quadratin,08/03/2016,Marcha el FNLS hacia el Centro de Morelia,Michoacán,
https://www.quadratin.com.mx/educativas/Se-concentra-CNTE-Casa-Gobierno-encabezar-marcha/,marcha,Quadratin,10/03/2016,Se concentra CNTE en Casa de Gobierno para encabezar marcha,Michoacán,educativas
https://www.quadratin.com.mx/sucesos/Tension-transportistas-Tarimbaro-bloquean-carretera/,bloqueo,Quadratin,14/03/2016,Tensión entre transportistas en Tarímbaro; bloquean carretera,Michoacán,
https://www.quadratin.com.mx/morelia/Realiza-Policia-Michoacan-cortes-la-circulacion-bloqueo/,bloqueo,Quadratin,17/03/2016,Realiza Policía Michoacán cortes a la circulación por bloqueo,Michoacán,morelia
https://www.quadratin.com.mx/justicia/Detienen-45-pescadores-Cuitzeo-tras-bloqueos/,bloqueo,Quadratin,21/03/2016,Detienen a 45 pescadores en Cuitzeo tras bloqueos,Michoacán,
https://www.quadratin.com.mx/educativas/Exigen-docentes-pagos-atrasados-protesta-Centro/,protesta,Quadratin,28/03/2016,Exigen docentes pagos atrasados con protesta en el Centro,Michoacán,educativas
https://www.quadratin.com.mx/morelia/Protestan-colonos-La-Hacienda-falta-agua/,protesta,Quadratin,31/03/2016,Protestan colonos de La Hacienda por falta de agua,Michoacán,morelia
http://www.radioformula.com.mx/notas.asp?Idn=574607&idFC=2016,manifestacion,RadioFormula,01/03/2016,Realiza Frente Popular 14 de Junio manifestación en el Zócalo de ...,Oaxaca,
http://www.radioformula.com.mx/notas.asp?Idn=574779&idFC=2016,protesta,RadioFormula,02/03/2016,"Protesta Frente Popular 14 de Junio en Ciudad Judicial, en Oaxaca",Oaxaca,
http://www.radioformula.com.mx/notas.asp?Idn=575112&idFC=2016,manifestacion,RadioFormula,03/03/2016,Toman manifestantes oficinas del Registro Agrario Nacional en ...,Oaxaca,
http://www.radioformula.com.mx/notas.asp?Idn=575233&idFC=2016,protesta,RadioFormula,03/03/2016,Deja protesta de Sección 22 en evento de Peña Nieto un lesionado ...,Oaxaca,
http://www.radioformula.com.mx/notas.asp?Idn=575446&idFC=2016,huelga,RadioFormula,04/03/2016,Familia y abogados de El Chapo inician huelga de hambre en El ...,Estado de México,
http://www.radioformula.com.mx/notas.asp?Idn=575787&idFC=2016&sURL=,marcha,RadioFormula,05/03/2016,Concluyen jornadas de búsqueda de los 43 con marcha en Iguala,Guerrero,
http://www.radioformula.com.mx/notas.asp?Idn=575889&idFC=2016,huelga,RadioFormula,06/03/2016,"En puerta, solución a la huelga de la UMSNH: Silvano",Michoacán,
http://www.radioformula.com.mx/notas.asp?Idn=576042&idFC=2016,bloqueo,RadioFormula,07/03/2016,Transportistas bloquean accesos a Interlomas. Con Ciro Gómez Leyva,Estado de México,
http://www.radioformula.com.mx/notas.asp?Idn=577107&idFC=2016,marcha,RadioFormula,10/03/2016,Video. Unas diez mil personas participaron en megamarcha ...,Veracruz,
http://www.radioformula.com.mx/notas.asp?Idn=576996&idFC=2016,movilizacion,RadioFormula,10/03/2016,Inician taxistas movilización en la ciudad de Oaxaca,Oaxaca,
http://www.radioformula.com.mx/notas.asp?Idn=577770&idFC=2016,huelga,RadioFormula,13/03/2016,"Concluye huelga en Arcelor Mittal, mineros piden remoción de ...",Michoacán,
http://www.radioformula.com.mx/notas.asp?Idn=578121&idFC=2016,bloqueo,RadioFormula,14/03/2016,"Caos vial por horas en avenida Cuauhtémoc, Acapulco por bloqueo",Guerrero,
http://www.radioformula.com.mx/notas.asp?Idn=577958&idFC=2016,protesta,RadioFormula,14/03/2016,Protesta Sección 22 frente a Casa Oficial en Oaxaca,Oaxaca,
http://www.radioformula.com.mx/notas.asp?Idn=578600&idFC=2016,protesta,RadioFormula,16/03/2016,Cierre de Aurrera por protestas en el Istmo de Oaxaca ahuyenta ...,Oaxaca,
http://www.radioformula.com.mx/notas.asp?Idn=579271&idFC=2016,bloqueo,RadioFormula,18/03/2016,Mantienen productores de sorgo 3 bloqueos en el Istmo de ...,Oaxaca,
http://www.radioformula.com.mx/notas.asp?Idn=579138&idFC=2016,protesta,RadioFormula,18/03/2016,Protesta Sección 22 frente a Congreso de Oaxaca contra ...,Oaxaca,
http://www.radioformula.com.mx/notas.asp?Idn=579779&idFC=2016,protesta,RadioFormula,21/03/2016,Protesta Sección 22 en Guelatao durante ceremonia por natalicio ...,Oaxaca,
http://www.radioformula.com.mx/notas.asp?Idn=581684&idFC=2016,marcha,RadioFormula,28/03/2016,Con marcha exigen justicia para menor violada en Veracruz. Con ...,Veracruz,
http://www.radioformula.com.mx/notas.asp?Idn=581525&idFC=2016,planton,RadioFormula,28/03/2016,Hacen plantón por desaparecidos de Papantla: madre. Con Ciro ...,Veracruz,
http://www.radioformula.com.mx/notas.asp?Idn=581903&idFC=2016,planton,RadioFormula,29/03/2016,Realizan manifestantes plantón frente a Ciudad Administrativa en ...,Oaxaca,
http://www.reforma.com/aplicaciones/articulo/default.aspx?id=783810&v=1,huelga,Reforma,03/03/2016,Hacen huelga de hambre policías presos - Reforma,Tlaxcala,
http://www.reforma.com/aplicaciones/articulo/default.aspx?id=791011,bloqueo,Reforma,11/03/2016,Bloquean comunitarios Autopista del Sol - Reforma,Guerrero,
http://www.reforma.com/aplicaciones/articulo/default.aspx?id=795400,protesta,Reforma,16/03/2016,Protestan contra Uber en Aguascalientes,Aguascalientes,
http://www.reforma.com/aplicacioneslibre/articulo/default.aspx?id=797147&md5=bad1c71683725f850dd4314f585891e0&ta=0dfdbac11765226904c16cb9ad1b2efe,protesta,Reforma,18/03/2016,Protestan por viáticos en Salud-Chiapas,Chiapas,
http://www.sdpnoticias.com/nacional/2016/03/04/inician-familiares-y-abogados-de-el-chapo-huelga-de-hambre-en-el-altiplano,huelga,SDPNoticias,04/03/2016,Inician familiares y abogados de 'El Chapo' huelga de hambre en el Altiplano,Guerrero,nacional
https://www.sdpnoticias.com/nacional/2016/03/04/sep-descontara-el-dia-a-maestros-que-protestaron-por-visita-de-epn-a-oaxaca,protesta,SDPNoticias,04/03/2016,SEP descontará el día a maestros que protestaron por visita de EPN a Oaxaca,Oaxaca,nacional
http://www.sdpnoticias.com/local/edomex/2016/03/07/transportistas-bloquean-interlomas,bloqueo,SDPNoticias,07/03/2016,Transportistas bloquean Interlomas,Estado de México,local
http://www.sdpnoticias.com/local/oaxaca/2016/03/07/protestan-contra-la-pederastia-en-catedral-de-oaxaca,protesta,SDPNoticias,07/03/2016,Protestan contra la pederastia en catedral de Oaxaca,Oaxaca,local
http://www.sdpnoticias.com/local/ciudad-de-mexico/2016/03/08/respalda-mancera-marcha-de-indigenas-y-campesinas-a-segob,marcha,SDPNoticias,08/03/2016,Respalda Mancera marcha de indígenas y campesinas a Segob,Ciudad de México,local
https://www.sdpnoticias.com/local/veracruz/2016/03/10/marcha-la-universidad-veracruzana-contra-duarte,marcha,SDPNoticias,10/03/2016,Marcha la Universidad Veracruzana contra Duarte,Veracruz,local
https://www.sdpnoticias.com/nacional/2016/03/11/criptocracia-michoacan-huelgas-de-puertas-abiertas,huelga,SDPNoticias,11/03/2016,huelgas de “puertas abiertas,Michoacán,nacional
https://www.sdpnoticias.com/local/guerrero/2016/03/14/mirreyes-le-avientan-el-carro-a-ninos-y-padres-durante-marcha-intentan-lincharlos,marcha,SDPNoticias,14/03/2016,Mirreyes le avientan el carro a niños y padres durante marcha; intentan lincharlos,Guerrero,local
http://www.sdpnoticias.com/estados/2016/03/24/detiene-pgj-a-24-por-bloqueo-de-carretera-en-michoacan,bloqueo,SDPNoticias,24/03/2016,Detiene PGJ a 24 por bloqueo de carretera en Michoacán,Michoacán,estados
http://www.sdpnoticias.com/estados/2016/03/28/detencion-de-comuneros-provoca-incendio-de-autos-y-bloqueo-de-carretera-en-michoacan,bloqueo,SDPNoticias,28/03/2016,Detención de comuneros provoca incendio de autos y bloqueo de carretera en Michoacán,Michoacán,estados
http://www.sdpnoticias.com/estados/2016/03/30/por-huelga-de-lideresa-3-mil-100-docentes-de-guanajuato-se-quedan-sin-su-paga,huelga,SDPNoticias,30/03/2016,Por huelga de lideresa 3 mil 100 docentes de Guanajuato se quedan sin su paga,Guanajuato,estados
http://www.sinembargo.mx/08-03-2016/1633438,protesta,SinEmbargo,08/03/2016,Oposición reclama al director de Pemex despidos; petroleros ...,Veracruz,
http://www.sinembargo.mx/08-03-2016/1633560,protesta,SinEmbargo,08/03/2016,Protesta contra Uber termina en disturbios y agresiones en ...,Jalisco,
http://www.sinembargo.mx/08-03-2016/1633780,protesta,SinEmbargo,08/03/2016,Policías estatales y simpatizantes de Alcalde chiapaneco se ...,Chiapas,
http://www.sinembargo.mx/12-03-2016/1635296,huelga,SinEmbargo,12/03/2016,Mineros levantan huelga en ArcelorMittal; la empresa liquidará a 81 ...,Michoacán,
http://www.sinembargo.mx/22-03-2016/1639219,protesta,SinEmbargo,22/03/2016,Activistas protestan en la delegación MH por sexoservidoras ...,Ciudad de México,
http://www.sinembargo.mx/28-03-2016/1641403,manifestacion,SinEmbargo,28/03/2016,Manifestantes exigen en Veracruz castigo para juniors que violaron ...,Veracruz,
http://www.sinembargo.mx/30-03-2016/1642255,marcha,SinEmbargo,30/03/2016,"“Ni una mujer menos”, exigen guanajuatenses en marcha por el ...",Guanajuato,
http://sipse.com/milenio/bloqueo-sisal-acuerdo-lotes-vivienda-terrenos-hunucma-195117.html,bloqueo,Sipse,08/03/2016,Termina bloqueo en Sisal; construirán casas para personas de Hunucmá,Yucatán,
http://sipse.com/mexico/protesta-taxistas-provoca-uber-regale-viajes-gratis-195072.html,protesta,Sipse,08/03/2016,Taxistas de Guadalajara protestan contra Uber,Jalisco,
http://sipse.com/milenio/nuevo-bloqueo-via-sisal-hunucma-195647.html,bloqueo,Sipse,12/03/2016,Se registra un nuevo bloqueo en la vía Sisal-Hunucmá,Yucatán,
http://sipse.com/mexico/campeche-protesta-incendio-lanchas-pescadores-campechanos-197076.html,protesta,Sipse,22/03/2016,Campeche: protesta por incendio de 4 lanchas de pescadores campechanos,Campeche,
http://www.vanguardia.com.mx/articulo/huelga-en-arcelormittal-no-tiene-aval-de-autoridad-asegura-avante,huelga,Vanguardia,05/03/2016,"Huelga en ArcelorMittal no tiene aval de autoridad, asegura Avante ...",Michoacán,
